-- phpMyAdmin SQL Dump
-- version 4.9.0.1
-- https://www.phpmyadmin.net/
--
-- Máy chủ: localhost:3306
-- Thời gian đã tạo: Th10 30, 2019 lúc 02:24 PM
-- Phiên bản máy phục vụ: 10.3.20-MariaDB-log-cll-lve
-- Phiên bản PHP: 7.3.6

SET SQL_MODE = "NO_AUTO_VALUE_ON_ZERO";
SET AUTOCOMMIT = 0;
START TRANSACTION;
SET time_zone = "+00:00";


/*!40101 SET @OLD_CHARACTER_SET_CLIENT=@@CHARACTER_SET_CLIENT */;
/*!40101 SET @OLD_CHARACTER_SET_RESULTS=@@CHARACTER_SET_RESULTS */;
/*!40101 SET @OLD_COLLATION_CONNECTION=@@COLLATION_CONNECTION */;
/*!40101 SET NAMES utf8mb4 */;

--
-- Cơ sở dữ liệu: `cudwlevvhosting_admin`
--

-- --------------------------------------------------------

--
-- Cấu trúc bảng cho bảng `smi_customers`
--

CREATE TABLE `smi_customers` (
  `id` int(11) NOT NULL,
  `name` varchar(255) NOT NULL,
  `phone` varchar(15) NOT NULL,
  `email` varchar(45) DEFAULT NULL,
  `address` varchar(255) NOT NULL,
  `village_id` int(11) NOT NULL,
  `district_id` int(11) NOT NULL,
  `city_id` int(11) NOT NULL,
  `created_at` datetime DEFAULT NULL,
  `updated_at` datetime DEFAULT NULL
) ENGINE=InnoDB DEFAULT CHARSET=utf8;

-- --------------------------------------------------------

--
-- Cấu trúc bảng cho bảng `smi_orders`
--

CREATE TABLE `smi_orders` (
  `id` int(11) NOT NULL,
  `total_reduce` decimal(10,0) DEFAULT NULL,
  `total_reduce_percent` decimal(10,2) DEFAULT NULL,
  `discount` decimal(10,2) DEFAULT NULL,
  `total_amount` decimal(10,2) NOT NULL,
  `total_checkout` decimal(10,2) NOT NULL,
  `customer_payment` decimal(10,2) DEFAULT NULL,
  `repay` decimal(10,2) DEFAULT NULL,
  `customer_id` int(11) DEFAULT NULL,
  `created_date` datetime DEFAULT NULL,
  `updated_date` datetime DEFAULT NULL,
  `type` bit(1) NOT NULL COMMENT '0: shop, 1: online',
  `bill_of_lading_no` varchar(20) DEFAULT NULL COMMENT 'Mã vận đơn',
  `shipping_fee` decimal(10,2) DEFAULT NULL COMMENT 'Phí shio trả cho đơn vị vận chuyển',
  `shipping` decimal(10,2) DEFAULT NULL COMMENT 'phí ship khách hàng trả',
  `shipping_unit` decimal(10,2) DEFAULT NULL COMMENT 'Phí ship khách hàng trả',
  `status` int(11) NOT NULL COMMENT 'Trang thái đơn hàng. 0: pending, 1: processing, 2: on-hold, 3: completed, 4: cancelled, 5: failed'
) ENGINE=InnoDB DEFAULT CHARSET=utf8;

--
-- Đang đổ dữ liệu cho bảng `smi_orders`
--

INSERT INTO `smi_orders` (`id`, `total_reduce`, `total_reduce_percent`, `discount`, `total_amount`, `total_checkout`, `customer_payment`, `repay`, `customer_id`, `created_date`, `updated_date`, `type`, `bill_of_lading_no`, `shipping_fee`, `shipping`, `shipping_unit`, `status`) VALUES
(35, NULL, NULL, NULL, 285000.00, 285000.00, 285000.00, NULL, NULL, '2019-11-20 00:46:21', NULL, b'0', NULL, NULL, NULL, NULL, 3),
(36, 15000, 6.00, NULL, 255000.00, 240000.00, 240000.00, NULL, NULL, '2019-11-20 18:08:21', NULL, b'0', NULL, NULL, NULL, NULL, 3),
(37, 25000, 13.00, NULL, 225000.00, 200000.00, 500000.00, 300000.00, NULL, '2019-11-21 19:52:08', NULL, b'0', NULL, NULL, NULL, NULL, 3),
(38, 5000, 3.00, NULL, 185000.00, 180000.00, 200000.00, 20000.00, NULL, '2019-11-23 14:46:33', NULL, b'0', NULL, NULL, NULL, NULL, 3),
(39, 15000, 6.00, NULL, 285000.00, 270000.00, 270000.00, NULL, NULL, '2019-11-23 15:10:22', NULL, b'0', NULL, NULL, NULL, NULL, 3),
(40, 10000, 4.00, NULL, 285000.00, 275000.00, 300000.00, 25000.00, NULL, '2019-11-23 16:03:57', NULL, b'0', NULL, NULL, NULL, NULL, 3),
(41, NULL, NULL, NULL, 270000.00, 270000.00, 270000.00, NULL, NULL, '2019-11-23 16:36:02', NULL, b'0', NULL, NULL, NULL, NULL, 3),
(42, NULL, NULL, NULL, 430000.00, 430000.00, 430000.00, NULL, NULL, '2019-11-23 16:48:15', NULL, b'0', NULL, NULL, NULL, NULL, 3),
(43, NULL, NULL, NULL, 215000.00, 215000.00, 515000.00, 300000.00, NULL, '2019-11-23 17:20:24', NULL, b'0', NULL, NULL, NULL, NULL, 3),
(44, 50000, 13.00, NULL, 430000.00, 380000.00, 500000.00, 120000.00, NULL, '2019-11-23 17:56:23', NULL, b'0', NULL, NULL, NULL, NULL, 3),
(45, 60000, 6.00, 20000.00, 1080000.00, 1000000.00, 1000000.00, NULL, NULL, '2019-11-23 18:37:50', NULL, b'0', NULL, NULL, NULL, NULL, 3),
(46, NULL, NULL, 350000.00, 369000.00, 19000.00, 20000.00, 1000.00, NULL, '2019-11-23 19:58:39', NULL, b'0', NULL, NULL, NULL, NULL, 3),
(47, 73000, 79.00, NULL, 165000.00, 92000.00, 100000.00, 8000.00, NULL, '2019-11-24 09:55:43', NULL, b'0', NULL, NULL, NULL, NULL, 3),
(48, NULL, NULL, 135000.00, 1085000.00, 950000.00, 1000000.00, 50000.00, NULL, '2019-11-24 15:59:47', NULL, b'0', NULL, NULL, NULL, NULL, 3),
(53, 40000, 14.00, NULL, 330000.00, 290000.00, 400000.00, 110000.00, NULL, '2019-11-25 18:00:22', NULL, b'0', NULL, NULL, NULL, NULL, 3),
(76, NULL, NULL, NULL, 215000.00, 245000.00, NULL, NULL, NULL, '2019-11-26 10:47:05', NULL, b'1', '158663883306', 27000.00, 30000.00, 0.00, 1),
(77, NULL, NULL, NULL, 255000.00, 285000.00, NULL, NULL, NULL, '2019-11-26 10:50:09', NULL, b'1', '1585921867077', 36000.00, 30000.00, 0.00, 1),
(78, NULL, NULL, NULL, 255000.00, 285000.00, NULL, NULL, NULL, '2019-11-26 10:50:33', NULL, b'1', '1585921867077', 36000.00, 30000.00, 0.00, 1),
(79, NULL, NULL, NULL, 255000.00, 285000.00, NULL, NULL, NULL, '2019-11-26 10:50:39', NULL, b'1', '1585921867077', 36000.00, 30000.00, 0.00, 1),
(80, NULL, NULL, NULL, 299000.00, 299000.00, 300000.00, 1000.00, NULL, '2019-11-28 11:54:51', NULL, b'0', NULL, NULL, NULL, NULL, 3),
(81, NULL, NULL, NULL, 295000.00, 295000.00, 500000.00, 205000.00, NULL, '2019-11-29 17:42:09', NULL, b'0', NULL, NULL, NULL, NULL, 3),
(82, 30000, 14.00, NULL, 250000.00, 220000.00, 220000.00, NULL, NULL, '2019-11-29 20:16:22', NULL, b'0', NULL, NULL, NULL, NULL, 3);

-- --------------------------------------------------------

--
-- Cấu trúc bảng cho bảng `smi_order_detail`
--

CREATE TABLE `smi_order_detail` (
  `id` int(11) NOT NULL,
  `order_id` int(11) NOT NULL,
  `product_id` int(11) NOT NULL,
  `variant_id` int(11) NOT NULL,
  `sku` varchar(10) NOT NULL,
  `price` decimal(10,2) NOT NULL,
  `quantity` int(11) NOT NULL,
  `reduce` decimal(10,2) DEFAULT NULL,
  `reduce_percent` decimal(10,2) DEFAULT NULL
) ENGINE=InnoDB DEFAULT CHARSET=utf8;

--
-- Đang đổ dữ liệu cho bảng `smi_order_detail`
--

INSERT INTO `smi_order_detail` (`id`, `order_id`, `product_id`, `variant_id`, `sku`, `price`, `quantity`, `reduce`, `reduce_percent`) VALUES
(33, 35, 177, 702, '17701', 285000.00, 1, NULL, NULL),
(34, 36, 176, 701, '17601', 255000.00, 1, 15000.00, NULL),
(35, 37, 165, 659, '16502', 135000.00, 1, 10000.00, NULL),
(36, 37, 122, 493, '12208', 90000.00, 1, 15000.00, NULL),
(37, 38, 185, 762, '18504', 185000.00, 1, 5000.00, NULL),
(38, 39, 177, 706, '17705', 285000.00, 1, 15000.00, NULL),
(39, 40, 177, 705, '17704', 285000.00, 1, 10000.00, NULL),
(40, 41, 171, 679, '17102', 90000.00, 3, NULL, NULL),
(41, 42, 52, 220, '5201', 280000.00, 1, NULL, NULL),
(42, 42, 160, 637, '16004', 150000.00, 1, NULL, NULL),
(43, 43, 19, 87, '1905', 215000.00, 1, NULL, NULL),
(44, 44, 201, 862, '20102', 215000.00, 1, 25000.00, NULL),
(45, 44, 156, 618, '15603', 215000.00, 1, 25000.00, NULL),
(46, 45, 93, 349, '9302', 195000.00, 2, 40000.00, NULL),
(47, 45, 185, 765, '18507', 185000.00, 1, NULL, NULL),
(48, 45, 186, 778, '18610', 155000.00, 1, NULL, NULL),
(49, 45, 186, 779, '18611', 155000.00, 1, NULL, NULL),
(50, 45, 95, 358, '9501', 195000.00, 1, 20000.00, NULL),
(51, 46, 32, 128, '3203', 119000.00, 1, NULL, NULL),
(52, 46, 22, 95, '2202', 250000.00, 1, NULL, NULL),
(53, 47, 174, 690, '17403', 165000.00, 1, 73000.00, NULL),
(54, 48, 152, 603, '15205', 325000.00, 1, NULL, NULL),
(55, 48, 152, 600, '15202', 325000.00, 1, NULL, NULL),
(56, 48, 67, 256, '6702', 250000.00, 1, NULL, NULL),
(57, 48, 183, 744, '18301', 185000.00, 1, NULL, NULL),
(62, 53, 166, 663, '16604', 165000.00, 1, 20000.00, NULL),
(63, 53, 166, 665, '16606', 165000.00, 1, 20000.00, NULL),
(88, 80, 222, 980, '22209', 250000.00, 1, NULL, NULL),
(89, 80, 31, 125, '3104', 49000.00, 1, NULL, NULL),
(90, 81, 215, 940, '21505', 295000.00, 1, NULL, NULL),
(91, 82, 157, 620, '15701', 250000.00, 1, 30000.00, NULL);

-- --------------------------------------------------------

--
-- Cấu trúc bảng cho bảng `smi_products`
--

CREATE TABLE `smi_products` (
  `id` int(11) NOT NULL,
  `name` varchar(50) NOT NULL,
  `image` varchar(255) NOT NULL,
  `link` varchar(255) DEFAULT NULL,
  `price` decimal(10,0) NOT NULL,
  `fee_transport` decimal(10,0) DEFAULT NULL,
  `profit` decimal(10,0) DEFAULT NULL,
  `retail` decimal(10,0) NOT NULL,
  `percent` int(11) NOT NULL,
  `type` bit(1) NOT NULL COMMENT '0: Male, 1: Female, 2: Both',
  `category_id` int(11) NOT NULL,
  `created_at` datetime DEFAULT NULL,
  `updated_at` datetime DEFAULT NULL
) ENGINE=InnoDB DEFAULT CHARSET=utf8;

--
-- Đang đổ dữ liệu cho bảng `smi_products`
--

INSERT INTO `smi_products` (`id`, `name`, `image`, `link`, `price`, `fee_transport`, `profit`, `retail`, `percent`, `type`, `category_id`, `created_at`, `updated_at`) VALUES
(1, 'Bộ đồ điều hòa', 'https://cbu01.alicdn.com/img/ibank/2018/181/087/8947780181_475796735.400x400.jpg', 'https://detail.1688.com/offer/570707065269.html?spm=a2615.7691456.autotrace-offerGeneral.13.48c47f51x4lewz', 95000, 7000, 63000, 165000, 69, b'1', 1, '2019-10-05 09:55:13', NULL),
(2, 'Body ủ ', 'https://cbu01.alicdn.com/img/ibank/2019/057/522/11446225750_475796735.400x400.jpg', 'https://detail.1688.com/offer/598302150797.html?spm=a2615.7691456.autotrace-offerGeneral.4.12e47f51goA4oJ', 129000, 7000, 89000, 225000, 71, b'1', 1, '2019-10-05 10:10:51', NULL),
(3, 'Váy bé gái cao cấp', 'https://cbu01.alicdn.com/img/ibank/2018/260/008/8921800062_475796735.400x400.jpg', 'https://detail.1688.com/offer/544433751208.html?spm=a2615.7691456.autotrace-offerGeneral.7.8e7f7f51tOLlHA', 108000, 7000, 130000, 245000, 120, b'1', 4, '2019-10-05 10:37:17', NULL),
(4, 'Body kèm mũ', 'https://cbu01.alicdn.com/img/ibank/2017/883/650/4512056388_475796735.400x400.jpg', 'https://detail.1688.com/offer/556708795590.html?spm=a2615.7691456.autotrace-offerGeneral.31.40c87f51jhG5oa', 132000, 7000, 111000, 250000, 85, b'1', 1, '2019-10-05 10:37:17', NULL),
(5, 'Sét liền body', 'https://cbu01.alicdn.com/img/ibank/2018/873/958/8579859378_475796735.400x400.jpg', 'https://detail.1688.com/offer/565747742354.html?spm=a2615.7691456.autotrace-offerGeneral.19.e3177f51KDaUbz', 132000, 7000, 111000, 250000, 85, b'1', 1, '2019-10-05 10:43:47', NULL),
(6, 'Váy baby kèm mũ', 'https://cbu01.alicdn.com/img/ibank/2018/668/850/9183058866_475796735.400x400.jpg', 'https://detail.1688.com/offer/574437693271.html?spm=a2615.7691456.autotrace-offerGeneral.13.14f97f51DU0eCB', 132000, 7000, 136000, 275000, 102, b'1', 4, '2019-10-05 10:50:11', NULL),
(7, 'Bộ body', 'https://cbu01.alicdn.com/img/ibank/2019/325/429/10600924523_475796735.400x400.jpg', 'https://detail.1688.com/offer/589060889542.html?spm=a261y.7663282.1998411376.2.70482d8enFDSbk&scm=1007.19151.114112.0', 122000, 7000, 76000, 205000, 65, b'1', 1, '2019-10-05 10:50:11', NULL),
(8, 'Áo choàng ngoài baby', 'https://cbu01.alicdn.com/img/ibank/2018/225/170/9196071522_973154955.400x400.jpg', 'https://detail.1688.com/offer/575725077558.html?spm=a2615.7691456.autotrace-offerGeneral.43.4fe27f51ugFJT7', 58000, 7000, 65000, 130000, 110, b'1', 2, '2019-10-05 11:42:27', NULL),
(9, 'body I love mama', 'https://cbu01.alicdn.com/img/ibank/2017/903/266/3778662309_475796735.400x400.jpg', 'https://detail.1688.com/offer/544057646028.html?spm=a2615.7691456.autotrace-offerGeneral.28.53d17f51E2fjo2', 98000, 7000, 80000, 185000, 83, b'1', 1, '2019-10-05 11:49:58', NULL),
(10, 'Hài công chúa ', 'https://cbu01.alicdn.com/img/ibank/2017/375/403/3947304573_475796735.jpg', 'https://detail.1688.com/offer/546477944175.html?spm=a2615.7691456.autotrace-offerGeneral.19.13957f51uRnm5Z', 21000, 7000, 22000, 50000, 104, b'1', 5, '2019-10-05 16:11:01', NULL),
(11, 'Tóc giả dài cho bé', 'https://cbu01.alicdn.com/img/ibank/2019/308/660/10977066803_17421404.400x400.jpg', 'https://detail.1688.com/offer/594261635348.html?spm=a2615.7691456.autotrace-offerGeneral.25.446c2b58NmB01r', 19000, 1200, 29800, 50000, 153, b'1', 8, '2019-10-05 19:44:27', NULL),
(12, 'Tóc Giả búi cho bé', 'https://cbu01.alicdn.com/img/ibank/2018/450/384/8825483054_17421404.400x400.jpg', 'https://detail.1688.com/offer/568435968217.html?spm=a261y.7663282.1998411376.7.686a4a6aIY60XG&scm=1007.19151.114112.0', 3200, 1200, 10600, 15000, 268, b'1', 8, '2019-10-05 19:49:21', NULL),
(13, 'Tóc Giả Kẹp cho bé', 'https://cbu01.alicdn.com/img/ibank/2018/691/458/9617854196_1802614789.400x400.jpg', 'https://detail.1688.com/offer/581625146056.html?spm=a261y.7663282.1998411376.2.686a4a6aIY60XG&scm=1007.19151.114112.0', 5100, 1200, 8700, 15000, 157, b'1', 8, '2019-10-05 19:49:21', NULL),
(14, 'Áo Khoác HC', 'https://cbu01.alicdn.com/img/ibank/2019/923/180/11658081329_1921440229.400x400.jpg', 'https://detail.1688.com/offer/600096021574.html?spm=a2615.7691456.autotrace-offerGeneral.34.2caa7399XoyEJv', 105000, 8400, 91600, 205000, 88, b'0', 2, '2019-10-05 19:55:12', NULL),
(15, 'Áo Khoác Mũ Mèo', 'https://cbu01.alicdn.com/img/ibank/2019/043/194/10460491340_1921440229.400x400.jpg', 'https://detail.1688.com/offer/587514980211.html?spm=a2615.7691456.autotrace-offerGeneral.25.45297399JIKI3g', 112000, 8400, 104600, 225000, 94, b'0', 2, '2019-10-05 19:55:12', NULL),
(16, 'Bộ sơ mi kẻ thắt nơ quần bò', 'https://cbu01.alicdn.com/img/ibank/2019/054/251/11604152450_1921440229.400x400.jpg', 'https://detail.1688.com/offer/599529203249.html?spm=a2615.7691456.autotrace-offerGeneral.7.73f87399WzXZvo', 112000, 8400, 99600, 220000, 90, b'0', 1, '2019-10-05 19:57:21', NULL),
(17, 'Sét vest 3 chi tiết', 'https://cbu01.alicdn.com/img/ibank/2019/341/896/11623698143_1921440229.400x400.jpg', 'https://detail.1688.com/offer/599587496506.html?spm=a2615.7691456.autotrace-offerGeneral.16.18297399U9DL4c#next', 132000, 8400, 134600, 275000, 102, b'0', 1, '2019-10-05 20:13:56', NULL),
(18, 'Yếm thô mèo', 'https://cbu01.alicdn.com/img/ibank/2019/690/152/11691251096_1921440229.400x400.jpg', 'https://detail.1688.com/offer/599588848177.html?spm=a2615.7691456.autotrace-offerGeneral.16.1e1a7399ZBOXg9', 71000, 8400, 85600, 165000, 118, b'1', 3, '2019-10-05 20:13:56', NULL),
(19, 'Bộ sơ mi quần bò', 'https://cbu01.alicdn.com/img/ibank/2019/065/392/11974293560_1921440229.400x400.jpg', 'https://detail.1688.com/offer/602378217930.html?spm=a2615.7691456.autotrace-offerGeneral.1.1df17399EJYbwc', 112000, 8400, 94600, 215000, 86, b'0', 1, '2019-10-05 20:20:42', NULL),
(20, 'Bộ áo sơ mi kẻ yếm bò', 'https://cbu01.alicdn.com/img/ibank/2019/028/257/11623752820_1921440229.400x400.jpg', 'https://detail.1688.com/offer/600020006234.html?spm=a2615.7691456.autotrace-offerGeneral.28.65607399Z1SXYn', 115000, 8400, 101600, 225000, 89, b'0', 1, '2019-10-05 20:35:13', NULL),
(21, 'Quần mông thú ', 'https://cbu01.alicdn.com/img/ibank/2019/598/131/10490131895_1921440229.400x400.jpg', 'https://detail.1688.com/offer/588117453985.html?spm=a2615.7691456.autotrace-offerGeneral.4.664e7399W7EBOj', 54000, 8400, 27600, 90000, 58, b'0', 3, '2019-10-05 20:35:13', NULL),
(22, 'Áo Khoác dễ thương', 'https://cbu01.alicdn.com/img/ibank/2018/448/016/9433610844_529346392.400x400.jpg', 'https://detail.1688.com/offer/577969755086.html?spm=a2615.7691456.autotrace-offerGeneral.7.9fb82fdckdSBLN', 132000, 9700, 108300, 250000, 83, b'1', 2, '2019-10-05 20:45:27', NULL),
(23, 'Áo Khoác Gió', 'https://lh6.googleusercontent.com/CtSdsOIfktsihKRL-ZMO-d7QeFOp9r1YnJCqgWqU8l93HHciU59zUygOzOL5wh4x7z_JHUuoSPf8WxloXsLUCj-hB4LKZjvOnh0gt8SV3xDzijjqd9GdbMCT1ilYt020DiCJmNkQqA', 'https://detail.1688.com/offer/574189483927.html?spm=a2615.7691456.autotrace-offerGeneral.31.1ef62fdcSVz8Na', 101000, 9700, 104300, 215000, 103, b'1', 2, '2019-10-05 20:45:27', NULL),
(24, 'Áo Khoác Len', 'https://cbu01.alicdn.com/img/ibank/2019/877/727/12005727778_529346392.400x400.jpg', 'https://detail.1688.com/offer/602778070258.html?spm=a2615.7691456.autotrace-offerGeneral.16.7ac92fdcLTohZ1', 95000, 9700, 90300, 195000, 96, b'1', 2, '2019-10-05 20:51:51', NULL),
(25, 'Váy bé gái dài tay', 'https://cbu01.alicdn.com/img/ibank/2019/662/891/11445198266_529346392.400x400.jpg', 'https://detail.1688.com/offer/598431533256.html?spm=a2615.7691456.autotrace-offerGeneral.16.4a442fdcupBSqR', 81000, 9700, 74300, 165000, 93, b'1', 4, '2019-10-05 20:52:51', NULL),
(26, 'Áo khoác lót nhung', 'https://cbu01.alicdn.com/img/ibank/2018/631/312/9384213136_529346392.400x400.jpg', 'https://detail.1688.com/offer/577653765473.html?spm=a261y.7663282.1998411376.2.1e2264b8wicifJ&scm=1007.19151.114112.0#', 125000, 9700, 140300, 275000, 111, b'1', 2, '2019-10-05 20:54:00', NULL),
(27, 'Váy cổ cổ áo búp bê', 'https://cbu01.alicdn.com/img/ibank/2019/176/659/11867956671_529346392.400x400.jpg', 'https://detail.1688.com/offer/601403613513.html?spm=a2615.7691456.autotrace-offerGeneral.37.5d7c2fdc0ZCDb9', 71000, 9700, 74300, 155000, 104, b'1', 4, '2019-10-05 20:55:04', NULL),
(28, 'Áo khoác dài', 'https://cbu01.alicdn.com/img/ibank/2018/082/824/9266428280_529346392.400x400.jpg', 'https://detail.1688.com/offer/538777124277.html?spm=a261y.7663282.1998411376.2.de7f7ecdUWjKWR&scm=1007.19151.114112.0', 107000, 9700, 133300, 250000, 123, b'1', 2, '2019-10-05 20:56:03', NULL),
(30, 'Dép tập đi cho bé gái nơ xinh', 'https://cbu01.alicdn.com/img/ibank/2018/078/842/8935248870_688950238.jpg', 'https://detail.1688.com/offer/570885482866.html?spm=b26110380.sw1688.0.0.2b886f2cHtuuI7', 46000, 8000, 35000, 89000, 80, b'1', 6, '2019-10-07 15:12:37', NULL),
(31, 'Giày vải đế mềm tập đi cho bé', 'https://cbu01.alicdn.com/img/ibank/2017/537/531/4476135735_625922597.jpg', 'https://detail.1688.com/offer/44589526072.html?spm=b26110380.sw1688.0.0.1a253f9f8l3yVS', 21000, 4000, 24000, 49000, 112, b'1', 5, '2019-10-07 15:16:23', NULL),
(32, 'Giày Baby Cao Cấp cho bé', 'https://cbu01.alicdn.com/img/ibank/2017/509/632/4406236905_625922597.jpg', 'https://detail.1688.com/offer/551506040895.html?spm=a261y.7663282.1998411376.7.bae26a1e5JCdnQ&scm=1007.19151.114112.0', 46000, 4000, 69000, 119000, 146, b'1', 5, '2019-10-07 15:16:23', NULL),
(33, 'Quần tất leggin ren', 'https://cbu01.alicdn.com/img/ibank/2019/519/189/10412981915_1580940896.jpg', 'https://detail.1688.com/offer/586861113612.html?spm=b26110380.sw1688.mof001.205.7fae5a932dwYwC', 14000, 3000, 12000, 29000, 88, b'1', 3, '2019-10-07 15:30:34', NULL),
(34, 'Bộ liền thân ngắn tay chấm bi', 'https://cbu01.alicdn.com/img/ibank/2019/869/252/11341252968_931681027.jpg', 'http://page.1688.com/shtml/static/wrongpage.html', 32000, 5000, 18000, 55000, 62, b'1', 1, '2019-10-07 15:42:07', NULL),
(35, 'Bộ cộc thể thao chữ A/ mặt trời', 'https://cbu01.alicdn.com/img/ibank/2018/676/298/10178892676_458150735.jpg', 'https://detail.1688.com/offer/588478285013.html?spm=a2615.7691456.autotrace-offerGeneral.31.3173668ctHuoIs', 64000, 9000, 42000, 115000, 70, b'1', 1, '2019-10-07 15:43:51', NULL),
(36, 'Bộ ba lỗ kẻ sọc cho bé trai ', 'https://cbu01.alicdn.com/img/ibank/2019/025/384/12155483520_899955068.jpg', 'https://detail.1688.com/offer/587711108059.html?spm=a261y.7663282.1998411376.3.12f71414fF1uta&scm=1007.19151.114112.0', 67000, 9000, 44000, 120000, 70, b'0', 1, '2019-10-07 15:48:00', NULL),
(37, 'Váy giả bò bé gái', 'https://cbu01.alicdn.com/img/ibank/2019/078/303/10465303870_2052641589.jpg', 'https://detail.1688.com/offer/587950362749.html?spm=a2615.7691456.autotrace-offerGeneral.1.61a158a05T6zQj', 109000, 9000, 47000, 165000, 47, b'1', 4, '2019-10-07 15:48:00', NULL),
(38, 'Bộ áo ren tay ngắn váy hoa sen', 'https://cbu01.alicdn.com/img/ibank/2018/064/594/8971495460_2052641589.jpg', 'https://detail.1688.com/offer/567988296594.html?spm=a2615.7691456.autotrace-offerGeneral.37.489858a0XU2QgD', 117000, 9000, 54000, 180000, 50, b'1', 1, '2019-10-07 15:58:12', NULL),
(39, 'Bộ quần short áo ren', 'https://cbu01.alicdn.com/img/ibank/2016/665/037/2970730566_2052641589.jpg', 'https://detail.1688.com/offer/520302022337.html?spm=b26110380.sw1688.mof001.10.69ddc176Azc1A9', 113000, 9000, 48000, 170000, 47, b'1', 1, '2019-10-07 15:58:12', NULL),
(40, 'Bộ quần áo phong cách vest thanh lịch', 'https://cbu01.alicdn.com/img/ibank/2016/738/205/3068502837_2052641589.jpg', 'https://detail.1688.com/offer/39593264361.html?spm=a261y.7663282.commendOffer.11.625c1963Z5Bb9Y&scm=1007.19151.114112.0', 91000, 9000, 45000, 145000, 54, b'1', 1, '2019-10-07 15:59:30', NULL),
(41, 'Bộ váy áo sơ mi bông tuyết', 'https://cbu01.alicdn.com/img/ibank/2017/579/590/3931095975_2052641589.jpg', 'https://detail.1688.com/offer/546327533645.html?spm=a261y.7663282.1998411376.2.7ed65c87AOZyss&scm=1007.19151.114112.0', 113000, 9000, 53000, 175000, 51, b'1', 1, '2019-10-07 16:00:41', NULL),
(42, 'Bộ quần short áo sát nách', 'https://cbu01.alicdn.com/img/ibank/2017/052/878/4312878250_745570249.jpg', 'https://detail.1688.com/offer/520302022337.html?spm=b26110380.sw1688.mof001.10.69ddc176Azc1A9', 102000, 9000, 49000, 160000, 52, b'1', 1, '2019-10-07 16:16:27', NULL),
(43, 'Bộ quần áo bé gái rua kiểu dáng hàn quốc', 'https://cbu01.alicdn.com/img/ibank/2019/762/811/10676118267_1682963415.jpg', 'https://detail.1688.com/offer/590413822078.html?spm=a261y.7663282.1998411376.3.3dc13f72s9MFTj&scm=1007.19151.114112.0', 56000, 9000, 40000, 105000, 75, b'1', 1, '2019-10-07 16:16:27', NULL),
(44, 'Bộ mặt cười phong cách hàn quốc', 'https://cbu01.alicdn.com/img/ibank/2019/881/897/10567798188_2020446135.jpg', 'https://detail.1688.com/offer/589082167383.html?spm=a261y.7663282.1998411376.3.685355bfaHWk7c&scm=1007.19151.114112.0', 70000, 8000, 52000, 130000, 77, b'0', 1, '2019-10-07 16:24:05', NULL),
(45, 'Bộ râu mèo tím ', 'https://cbu01.alicdn.com/img/ibank/2019/069/887/11287788960_533307445.jpg', 'http://localhost/release/src/view/products/', 70000, 8000, 52000, 130000, 77, b'1', 1, '2019-10-07 16:24:05', NULL),
(46, 'Áo Khoác Len Cadigan', 'https://cbu01.alicdn.com/img/ibank/2019/361/270/11388072163_1207857481.jpg', 'https://detail.1688.com/offer/598141430420.html?spm=a2615.7691456.autotrace-offerGeneral.19.66996f8aiuxRAf', 118000, 12000, 85000, 215000, 75, b'1', 2, '2019-10-08 10:11:17', NULL),
(47, 'Áo Len dáng dài', 'https://cbu01.alicdn.com/img/ibank/2018/424/981/9689189424_1207857481.jpg', 'https://detail.1688.com/offer/582489699285.html?spm=a2615.7691456.autotrace-offerGeneral.40.53d56f8agXVa1x', 118000, 12000, 95000, 225000, 82, b'1', 2, '2019-10-08 10:19:19', NULL),
(48, 'Áo cadigan cổ V', 'https://cbu01.alicdn.com/img/ibank/2019/535/270/11947072535_1207857481.jpg', 'https://detail.1688.com/offer/601998257464.html?spm=a2615.7691456.autotrace-offerGeneral.43.55326f8aKjssVO', 108000, 12000, 95000, 215000, 89, b'1', 2, '2019-10-08 10:24:27', '2019-10-11 23:42:42'),
(49, 'Áo len hình caro', 'https://cbu01.alicdn.com/img/ibank/2018/847/091/8552190748_1207857481.400x400.jpg', 'https://detail.1688.com/offer/565203128281.html?spm=a2615.7691456.autotrace-offerGeneral.1.6f316f8acCFCI1', 88000, 12000, 95000, 195000, 107, b'0', 2, '2019-10-08 10:35:24', NULL),
(50, 'Bốt cao cổ 5G', 'https://cbu01.alicdn.com/img/ibank/2019/081/319/12144913180_1343607165.400x400.jpg', 'https://detail.1688.com/offer/603650813449.html?spm=a2615.7691456.autotrace-offerGeneral.34.49997c2dh8aMhb', 159000, 26000, 190000, 375000, 117, b'1', 5, '2019-10-08 11:15:34', '2019-10-12 12:04:16'),
(51, 'Bốt khóa vuông', 'https://cbu01.alicdn.com/img/ibank/2019/218/946/11970649812_1343607165.400x400.jpg', 'https://detail.1688.com/offer/602131841555.html?spm=a2615.7691456.autotrace-offerGeneral.1.66617c2d8GGNoV', 115000, 26000, 134000, 275000, 113, b'1', 5, '2019-10-08 11:38:22', '2019-10-12 12:08:09'),
(52, 'Bốt khóa sườn', 'https://cbu01.alicdn.com/img/ibank/2018/867/582/9471285768_1343607165.400x400.jpg', 'https://detail.1688.com/offer/579360451793.html?spm=a2615.7691456.autotrace-offerGeneral.16.57cd7c2dSlM899', 128000, 26000, 126000, 280000, 99, b'1', 5, '2019-10-08 11:39:47', '2019-10-12 12:08:42'),
(53, 'Bốt Khóa trước', 'https://cbu01.alicdn.com/img/ibank/2019/702/865/12056568207_1343607165.400x400.jpg', 'https://detail.1688.com/offer/602932997840.html?spm=a2615.7691456.autotrace-offerGeneral.34.4de87c2dpo471b', 95000, 26000, 129000, 250000, 128, b'1', 5, '2019-10-08 11:41:26', '2019-10-12 12:09:10'),
(54, 'Bốt cổ cao buộc dây', 'https://cbu01.alicdn.com/img/ibank/2018/295/228/9412822592_1343607165.400x400.jpg', 'https://detail.1688.com/offer/559181178855.html?spm=a2615.7691456.autotrace-offerGeneral.25.43557c2dHdOYTv', 105000, 26000, 139000, 270000, 126, b'1', 5, '2019-10-08 11:42:30', '2019-10-12 12:09:35'),
(55, 'Giày thể thoa U.S có đèn', 'https://cbu01.alicdn.com/img/ibank/2019/422/032/10432230224_136845087.jpg', 'https://detail.1688.com/offer/572520923691.html?spm=a2615.7691456.autotrace-offerGeneral.46.4bb31815pYqDzA', 71000, 13000, 86000, 170000, 118, b'1', 5, '2019-10-08 14:50:07', '2019-10-12 12:09:56'),
(56, 'Hài bệt công chúa', 'https://cbu01.alicdn.com/img/ibank/2019/863/670/10617076368_136845087.jpg', 'https://detail.1688.com/offer/589156071923.html?spm=a2615.7691456.autotrace-offerGeneral.46.119e1815NttHgI', 78000, 13000, 104000, 195000, 129, b'1', 5, '2019-10-08 14:52:01', '2019-10-12 12:10:12'),
(57, 'Hài búp bê nơ gót', 'https://cbu01.alicdn.com/img/ibank/2019/520/408/11050804025_136845087.jpg', 'https://detail.1688.com/offer/594648058152.html?spm=a2615.7691456.autotrace-offerGeneral.1.6bfb1815ZSjQE7', 91000, 13000, 106000, 210000, 114, b'1', 5, '2019-10-08 14:53:13', '2019-10-12 12:10:32'),
(58, 'Bốt cổ thấp hàn quốc', 'https://cbu01.alicdn.com/img/ibank/2019/622/461/12138164226_136845087.jpg', 'https://detail.1688.com/offer/603413955572.html?spm=a2615.7691456.autotrace-offerGeneral.19.a9a71815ImtV2j', 91000, 13000, 106000, 210000, 114, b'1', 5, '2019-10-08 14:54:14', '2019-10-12 12:10:48'),
(59, 'Giày TT thoáng khí có đèn', 'https://cbu01.alicdn.com/img/ibank/2019/787/417/11477714787_136845087.jpg', 'https://detail.1688.com/offer/598177513532.html?spm=a2615.7691456.autotrace-offerGeneral.43.6bfb1815ZSjQE7', 95000, 13000, 107000, 215000, 111, b'1', 5, '2019-10-08 14:55:22', '2019-10-12 12:11:30'),
(60, 'Giày TT thoáng khí phản quang', 'https://cbu01.alicdn.com/img/ibank/2019/198/045/11554540891_136845087.jpg', 'https://detail.1688.com/offer/598771384625.html?spm=a2615.7691456.autotrace-offerGeneral.31.6bfb1815ZSjQE7', 98000, 13000, 109000, 220000, 110, b'1', 5, '2019-10-08 14:57:23', '2019-10-12 12:11:55'),
(61, 'Áo Khoác Gió Cao Cấp', 'https://cbu01.alicdn.com/img/ibank/2018/817/873/8556378718_2086939502.jpg', 'https://detail.1688.com/offer/565507270512.html?spm=a2615.7691456.autotrace-offerGeneral.40.71f72a44irfbVt', 118000, 8000, 124000, 250000, 105, b'1', 2, '2019-10-08 15:16:02', NULL),
(62, 'Áo Thun Dài Tay', 'https://cbu01.alicdn.com/img/ibank/2017/034/610/7833016430_2086939502.jpg', 'https://detail.1688.com/offer/564978940993.html?spm=b26110380.sw1688.0.0.10b575f9NaRqdO', 51000, 8000, 76000, 135000, 142, b'1', 2, '2019-10-08 15:17:14', '2019-10-12 12:12:27'),
(66, 'Bộ đồ dài tay', 'https://cbu01.alicdn.com/img/ibank/2018/325/879/9205978523_1321416074.jpg', 'https://detail.1688.com/offer/574972258125.html?spm=a2615.7691456.autotrace-offerGeneral.34.611c1718YBbi13', 98000, 10000, 72000, 180000, 76, b'1', 1, '2019-10-12 12:27:08', NULL),
(67, 'Sét váy len', 'https://cbu01.alicdn.com/img/ibank/2018/521/797/9301797125_1321416074.jpg', 'https://detail.1688.com/offer/576565218876.html?spm=a2615.7691456.autotrace-offerGeneral.16.72471718Yf7lkd', 149000, 10000, 91000, 250000, 64, b'1', 1, '2019-10-12 12:27:08', NULL),
(68, 'Yếm bò', 'https://cbu01.alicdn.com/img/ibank/2019/793/183/11686381397_1321416074.jpg', 'https://detail.1688.com/offer/600038037090.html?spm=a2615.7691456.autotrace-offerGeneral.19.62611718wSTKdI', 102000, 10000, 73000, 185000, 74, b'1', 3, '2019-10-12 12:28:57', NULL),
(69, 'Áo Khoác Bò', 'https://cbu01.alicdn.com/img/ibank/2019/329/499/11787994923_1321416074.jpg', 'https://detail.1688.com/offer/600809281681.html?spm=a2615.7691456.autotrace-offerGeneral.13.df5c1718A6aXa9', 113000, 10000, 102000, 225000, 91, b'1', 2, '2019-10-12 12:28:57', NULL),
(70, 'Váy bé gái cố Hàn', 'https://cbu01.alicdn.com/img/ibank/2019/356/033/11805330653_1321416074.jpg', 'https://detail.1688.com/offer/600967424580.html?spm=a2615.7691456.autotrace-offerGeneral.16.3e901718rK2RpH', 88000, 10000, 52000, 150000, 63, b'1', 4, '2019-10-12 12:31:39', NULL),
(71, 'Váy bé gái dáng dài', 'https://cbu01.alicdn.com/img/ibank/2018/331/892/8628298133_1321416074.jpg', 'https://detail.1688.com/offer/565934524002.html?spm=a2615.7691456.autotrace-offerGeneral.4.3e901718rK2RpH', 112000, 10000, 83000, 205000, 76, b'1', 4, '2019-10-12 12:31:39', NULL),
(72, 'Váy kẻ sọc thắt nơ', 'https://cbu01.alicdn.com/img/ibank/2018/382/112/9168211283_1321416074.jpg', 'https://detail.1688.com/offer/574167516361.html?spm=a2615.7691456.autotrace-offerGeneral.41.3b3c1718k7ZiXH', 125000, 10000, 100000, 235000, 81, b'1', 4, '2019-10-12 12:33:16', NULL),
(73, 'Váy công chúa ', 'https://cbu01.alicdn.com/img/ibank/2019/699/254/12031452996_1321416074.jpg', 'https://detail.1688.com/offer/603187503705.html?spm=a2615.7691456.autotrace-offerGeneral.43.643c1718nvfWP2#', 125000, 10000, 100000, 235000, 81, b'1', 4, '2019-10-12 12:33:16', NULL),
(74, 'Bộ Quần áo cotton', 'https://scontent.fhan5-1.fna.fbcdn.net/v/t1.0-9/67141042_328770631410491_6819638291944439808_n.jpg?_nc_cat=109&_nc_oc=AQmfXpDVtclFmen72Ou63a7P_tzox31oxjeWcjUURsdzU1iJJOCH1vpWYTf--Vk_fWI&_nc_ht=scontent.fhan5-1.fna&oh=36cc1c82afc0d012feddd152304803cf&oe=5E', 'https://scontent.fhan5-1.fna.fbcdn.net/v/t1.0-9/67141042_328770631410491_6819638291944439808_n.jpg?_nc_cat=109&_nc_oc=AQmfXpDVtclFmen72Ou63a7P_tzox31oxjeWcjUURsdzU1iJJOCH1vpWYTf--Vk_fWI&_nc_ht=scontent.fhan5-1.fna&oh=36cc1c82afc0d012feddd152304803cf&oe=5E', 35000, 5000, 29000, 69000, 85, b'0', 1, '2019-10-16 12:36:27', NULL),
(75, 'Váy bé gái 2 dây chéo', 'https://cbu01.alicdn.com/img/ibank/2017/058/563/4222365850_2037273339.jpg', 'https://detail.1688.com/offer/567610966457.html?spm=a2615.7691456.autotrace-offerGeneral.40.35227eb45M11Gx', 35000, 10000, 50000, 95000, 133, b'1', 4, '2019-10-16 12:38:31', NULL),
(76, 'Bộ quần áo cotton cho bé', 'https://cbu01.alicdn.com/img/ibank/2019/860/038/10389830068_2125179986.jpg', 'https://detail.1688.com/offer/586517126160.html?spm=b26110380.sw1688.mof001/.1.835d5144OiIDly', 25000, 5000, 15000, 45000, 67, b'1', 1, '2019-10-16 12:40:03', NULL),
(77, 'Quần chục cho bé', 'https://cbu01.alicdn.com/img/ibank/2018/040/560/8914065040_803334845.jpg', 'https://detail.1688.com/offer/570331812344.html?spm=b26110380.sw1688.0.0.29ec7e8fwMsM2I', 9000, 3000, 6000, 18000, 75, b'1', -1, '2019-10-16 12:41:38', NULL),
(78, 'Áo ke vin', 'ko có', 'ko có', 45000, NULL, 10000, 55000, 22, b'0', 2, '2019-10-16 12:42:46', NULL),
(79, 'Bộ 2 dây lệch vai phong cách hàn quốc', 'https://cbu01.alicdn.com/img/ibank/2019/574/783/10781387475_2126221361.jpg', 'https://detail.1688.com/offer/591204687525.html?spm=b26110380.sw1688.mof001/.1.2b7164b0s30Pt8', 69000, 7000, 59000, 135000, 87, b'1', 1, '2019-10-16 12:53:38', NULL),
(80, 'Bộ áo sát nách nơ xinh', 'https://cbu01.alicdn.com/img/ibank/2019/393/230/10491032393_2052641589.jpg', 'https://detail.1688.com/offer/587621328071.html?spm=a2615.7691456.autotrace-offerGeneral.25.ab17ff73Hlg3hp', 93000, 9000, 73000, 175000, 80, b'1', 1, '2019-10-16 12:54:53', NULL),
(81, 'Bộ đồ ren trắng', 'https://cbu01.alicdn.com/img/ibank/2019/500/516/10696615005_918915661.jpg', 'https://detail.1688.com/offer/570213690209.html?spm=a2615.7691456.autotrace-offerGeneral.43.3bb34e56OSNTIk', 90000, 8000, 67000, 165000, 77, b'1', 1, '2019-10-16 13:00:12', NULL),
(82, 'Bộ sơ mi ngắn tay + quần', 'https://cbu01.alicdn.com/img/ibank/2018/698/005/8810500896_683859657.jpg', 'https://detail.1688.com/offer/568446896766.html?spm=b26110380.sw1688.0.0.ea7c20b1ZUA8l7', 80000, 6000, 74000, 160000, 93, b'1', 1, '2019-10-16 13:00:12', NULL),
(83, 'Bộ không tay cổ áo búp bê+ quần ống rộng', 'https://cbu01.alicdn.com/img/ibank/2019/619/007/10831700916_683859657.jpg', 'https://detail.1688.com/offer/591672930858.html?spm=a261y.7663282.1998411376.1.290b6073c6cwDv&scm=1007.19151.114112.0', 73000, 6000, 76000, 155000, 104, b'1', 1, '2019-10-16 13:03:21', NULL),
(84, 'Váy trẻ em kẻ sọc', 'https://cbu01.alicdn.com/img/ibank/2019/043/563/11003365340_683859657.jpg', 'https://detail.1688.com/offer/594260159802.html?spm=a261y.7663282.1998411376.1.496329acnuMG2r&scm=1007.19151.114112.0', 49000, 6000, 60000, 115000, 120, b'1', 4, '2019-10-16 13:03:21', NULL),
(85, 'Váy hi baby', 'https://cbu01.alicdn.com/img/ibank/2019/861/599/11011995168_683859657.jpg', 'https://detail.1688.com/offer/594161300448.html?spm=a2615.7691456.autotrace-offerGeneral.28.5d654e56F6IAKN', 56000, 6000, 58000, 120000, 103, b'1', 4, '2019-10-16 13:05:50', NULL),
(86, 'Bộ áo thun trắng + quần kẻ sọc rộng', 'https://cbu01.alicdn.com/img/ibank/2019/657/235/11038532756_683859657.jpg', 'https://detail.1688.com/offer/593937101272.html?spm=a2615.7691456.autotrace-offerGeneral.19.e5604e56O98VCk', 80000, 6000, 69000, 155000, 87, b'1', 1, '2019-10-16 13:05:50', NULL),
(87, 'Bộ áo 2 dây hoa nhỏ + quần short', 'https://cbu01.alicdn.com/img/ibank/2019/615/664/10956466516_683859657.jpg', 'https://detail.1688.com/offer/593285469862.html?spm=a261y.7663282.smartGuideRecommend.5.773d7649a02vNo', 80000, 6000, 59000, 145000, 76, b'1', 1, '2019-10-16 13:08:52', NULL),
(88, 'Bộ áo HBA', 'https://cbu01.alicdn.com/img/ibank/2019/243/033/10901330342_1437640767.jpg', 'https://detail.1688.com/offer/593253384949.html?spm=a2615.7691456.autotrace-offerGeneral.34.4e713a36fL1IY5', 55000, 8000, 62000, 125000, 111, b'0', 1, '2019-10-16 13:08:52', NULL),
(89, 'Bộ hình ngôi nhà', 'https://cbu01.alicdn.com/img/ibank/2019/736/058/10732850637_1940579909.jpg', 'https://detail.1688.com/offer/593365424862.html?spm=a2615.7691456.autotrace-offerGeneral.37.68a13a36DPthGv', 80000, 7000, 58000, 145000, 75, b'0', 1, '2019-10-16 13:17:02', NULL),
(90, 'Bộ hình bánh lái', 'https://cbu01.alicdn.com/img/ibank/2019/792/492/11757294297_1542102324.jpg', 'https://detail.1688.com/offer/600848089410.html?spm=b26110380.8880418.csimg003.9.34b5adcc02712E', 80000, 7000, 48000, 135000, 63, b'0', 1, '2019-10-16 13:17:02', NULL),
(91, 'Bộ sơ mi bé trai hình hưu cao cổ', 'https://cbu01.alicdn.com/img/ibank/2019/915/279/10864972519_1552903910.jpg', 'https://detail.1688.com/offer/592434107524.html?spm=b26110380.8880418.csimg003.1.3c0badcc35dklW', 76000, 8000, 66000, 150000, 88, b'0', 1, '2019-10-16 13:21:03', NULL),
(92, 'Bộ áo phông bé trai trái dứa', 'https://cbu01.alicdn.com/img/ibank/2019/625/105/10927501526_1437640767.jpg', 'https://detail.1688.com/offer/593172671693.html?spm=a2615.7691456.autotrace-offerGeneral.31.61063a3666jSFO', 76000, 8000, 61000, 145000, 82, b'0', 1, '2019-10-16 13:21:03', NULL),
(93, 'Váy công chúa chấm bi', 'https://cbu01.alicdn.com/img/ibank/2019/157/832/11100238751_86437334.jpg', 'https://detail.1688.com/offer/599621006989.html?spm=b26110380.8880418.csimg003.1.4e6fadcc0lX7W5', 110000, 11000, 74000, 195000, 70, b'1', 4, '2019-10-16 13:26:17', NULL),
(94, 'Bộ áo kẻ váy đũi cho bé gái', 'https://cbu01.alicdn.com/img/ibank/2019/850/389/10604983058_86437334.jpg', 'https://detail.1688.com/offer/596187855566.html?spm=b26110380.8880418.csimg003.1.270aadcc0RiweI', 110000, 11000, 74000, 195000, 70, b'1', 1, '2019-10-16 13:26:17', NULL),
(95, 'Bộ áo trắng quần voan ống rộng', 'https://cbu01.alicdn.com/img/ibank/2019/423/481/10799184324_86437334.jpg', 'https://detail.1688.com/offer/591539232688.html?spm=b26110380.sw1688.mof001/.1.3e161356QmeWOn', 110000, 11000, 74000, 195000, 70, b'1', 1, '2019-10-16 13:32:04', NULL),
(96, 'Váy ren công chúa', 'https://cbu01.alicdn.com/img/ibank/2019/302/886/10982688203_705475329.jpg', 'https://detail.1688.com/offer/593996941574.html?spm=b26110380.8880418.csimg003.11.2834adccu7C9cx', 117000, 13000, 75000, 205000, 68, b'1', 4, '2019-10-16 13:32:04', NULL),
(97, 'Bộ áo lệch vai + quần ống rộng', 'https://cbu01.alicdn.com/img/ibank/2019/866/293/10842392668_553920246.jpg', 'https://detail.1688.com/offer/596082374795.html?spm=b26110380.8880418.csimg003.1.216badccVObMlr', 107000, 12000, 76000, 195000, 74, b'1', 1, '2019-10-16 13:35:43', NULL),
(98, 'Bộ voan + quần hoa ống rộng', 'https://cbu01.alicdn.com/img/ibank/2019/922/780/10560087229_1818661864.jpg', 'https://detail.1688.com/offer/599341621126.html?spm=b26110380.8880418.csimg003.1.2f07adccYjrFL0', 118000, 12000, 75000, 205000, 67, b'1', 1, '2019-10-16 13:35:43', NULL),
(99, 'Bộ voan cô gái', 'https://cbu01.alicdn.com/img/ibank/2019/590/457/10835754095_1164308994.jpg', 'https://detail.1688.com/offer/592114533516.html?spm=b26110380.sw1688.mof001/.1.cf45e95b1e0oPV', 114000, 12000, 69000, 195000, 64, b'1', 1, '2019-10-16 13:38:13', NULL),
(100, 'Mũ lưỡi trai bé gái nơ xinh', 'https://cbu01.alicdn.com/img/ibank/2019/682/549/10996945286_614160641.jpg', 'https://detail.1688.com/offer/594118015195.html?spm=a2615.7691456.autotrace-offerGeneral.43.35d37a91mSPuD2', 38000, 4000, 58000, 100000, 148, b'1', 7, '2019-10-16 13:41:58', NULL),
(101, 'Mũ lưỡi trai bé gái tai thỏ', 'https://cbu01.alicdn.com/img/ibank/2018/253/448/8715844352_614160641.jpg', 'https://detail.1688.com/offer/567206062511.html?spm=a2615.7691456.autotrace-offerGeneral.40.3b1f7a91owme7f', 42000, 4000, 64000, 110000, 148, b'1', 7, '2019-10-16 13:41:58', NULL),
(102, 'Mũ lưỡi trai bé trai người nhện', 'https://cbu01.alicdn.com/img/ibank/2018/840/187/8731781048_614160641.jpg', 'https://detail.1688.com/offer/567122569307.html?spm=a2615.7691456.autotrace-offerGeneral.19.35057a919dDAa1', 33000, 4000, 53000, 90000, 154, b'0', 7, '2019-10-16 13:44:05', NULL),
(103, 'Mũ tai mèo kiểu dáng hàn quốc', 'https://cbu01.alicdn.com/img/ibank/2017/736/044/4093440637_614160641.jpg', 'https://detail.1688.com/offer/548805905404.html?spm=a2615.7691456.autotrace-offerGeneral.7.37447a91BekJDM', 40000, 4000, 51000, 95000, 125, b'1', 7, '2019-10-16 13:44:05', NULL),
(104, 'Bộ bé gái chấm bi to', 'https://cbu01.alicdn.com/img/ibank/2019/524/907/10578709425_1268119300.jpg', 'https://detail.1688.com/offer/588649080686.html?spm=b26110380.8880418.csimg003.14.2332adcc9zqrVI', 104000, 11000, 80000, 195000, 79, b'1', 1, '2019-10-16 13:47:13', NULL),
(105, 'Bộ bé gái chấm bi nhỏ', 'https://cbu01.alicdn.com/img/ibank/2019/940/744/11134447049_953639034.jpg', 'https://detail.1688.com/offer/595397729906.html?spm=b26110380.8880418.csimg003.10.1668adccXVHOTi', 107000, 15000, 83000, 205000, 80, b'1', 1, '2019-10-16 13:47:13', NULL),
(106, 'Bộ bé gái ống rộng phong cách hàn quốc', 'https://cbu01.alicdn.com/img/ibank/2019/849/159/10859951948_468661126.jpg', 'https://detail.1688.com/offer/592122399718.html?spm=a2615.7691456.autotrace-offerGeneral.43.45522f7d9heo5w', 104000, 10000, 71000, 185000, 71, b'1', 1, '2019-10-16 13:51:23', NULL),
(107, 'Bộ vest kẻ bé gái quần short', 'https://cbu01.alicdn.com/img/ibank/2019/242/704/11458407242_1848952321.jpg', 'https://detail.1688.com/offer/596518074199.html?spm=b26110380.8880418.csimg003.8.9d41adcceEpW4Y', 166000, 10000, 79000, 255000, 51, b'1', 1, '2019-10-16 13:51:23', NULL),
(108, 'Bộ kẻ sọc bé gái quần short', 'https://cbu01.alicdn.com/img/ibank/2019/592/416/11030614295_1095818045.jpg', 'https://detail.1688.com/offer/594123033055.html?spm=a2615.7691456.autotrace-offerGeneral.4.348f2f7dmlNedV', 111000, 20000, 64000, 195000, 64, b'1', 1, '2019-10-17 14:42:18', NULL),
(109, 'Váy 2 dây công chúa chấm bi', 'https://cbu01.alicdn.com/img/ibank/2019/810/022/11357220018_683859657.jpg', 'https://detail.1688.com/offer/597897206210.html?spm=a2615.7691456.autotrace-offerGeneral.9.77484e56TIHtPf', 62000, 10000, 78000, 150000, 122, b'1', 4, '2019-10-17 14:42:18', NULL),
(110, 'Bộ cotton dài tay bé trai-gái', 'https://cbu01.alicdn.com/img/ibank/2017/510/400/6462004015_984194354.jpg', 'https://detail.1688.com/offer/555601773001.html?spm=a261y.7663282.1998411376.4.f03ccbc2n6zkSM&scm=1007.19151.114112.0', 42000, 7000, 46000, 95000, 108, b'1', 1, '2019-10-17 14:50:27', NULL),
(111, 'Áo Khoác Kaki hàn quốc có mũ', 'https://cbu01.alicdn.com/img/ibank/2019/916/388/11811883619_1866683618.jpg', 'https://detail.1688.com/offer/599212048801.html?spm=b26110380.sw1688.mof001.88.5e13611brezqHg&tracelog=p4p&clickid=7f0bd402be824afa8e1bd53820cb8df6&sessionid=f93d09b4ecb4c9f4ffaa5e88ac1c5142', 91000, 11000, 83000, 185000, 92, b'0', 2, '2019-10-17 14:50:27', NULL),
(112, 'Bộ thể thao gấu', 'https://cbu01.alicdn.com/img/ibank/2019/902/758/11446857209_1681690923.jpg', 'https://detail.1688.com/offer/599658436400.html?spm=a2615.7691456.autotrace-offerGeneral.40.3b79499bUCIOwb', 105000, 11000, 79000, 195000, 78, b'0', 1, '2019-10-17 14:52:48', NULL),
(113, 'Bộ thể thao xanh', 'https://cbu01.alicdn.com/img/ibank/2019/381/448/11654844183_1266312157.jpg', 'https://detail.1688.com/offer/599228584075.html?spm=a2615.7691456.autotrace-offerGeneral.40.4365499bJX3FDi', 119000, 11000, 85000, 215000, 74, b'0', 1, '2019-10-17 14:52:48', '2019-10-17 14:53:17'),
(114, 'Bộ 3 chi tiết có mũ', 'https://cbu01.alicdn.com/img/ibank/2019/036/244/11448442630_636787844.jpg', 'https://detail.1688.com/offer/597951132974.html?spm=b26110380.sw1688.mof001.110.24877532ve3BDg', 129000, 11000, 95000, 235000, 76, b'1', 1, '2019-10-17 14:55:42', NULL),
(115, 'Bộ 3 chi tiết không mũ', 'https://cbu01.alicdn.com/img/ibank/2019/844/938/11642839448_939579052.jpg', 'https://detail.1688.com/offer/597294624075.html?spm=b26110380.sw1688.mof001.1.624eb69fEBfaLs', 122000, 11000, 95400, 228400, 80, b'0', 1, '2019-10-17 14:55:42', NULL),
(116, 'Áo bảy sắc cầu vồng có mũ', 'https://cbu01.alicdn.com/img/ibank/2019/874/043/11770340478_981030018.jpg', 'https://detail.1688.com/offer/600205916631.html?spm=a2615.7691456.autotrace-offerGeneral.43.7d83499bExYlIo', 65000, 11000, 49800, 125800, 80, b'1', 2, '2019-10-17 14:58:45', NULL),
(117, 'Áo sơ mi họa tiết bút', 'https://cbu01.alicdn.com/img/ibank/2019/874/043/11770340478_981030018.jpg', 'https://detail.1688.com/offer/600205916631.html?spm=a2615.7691456.autotrace-offerGeneral.43.7d83499bExYlIo', 61000, 11000, 46600, 118600, 80, b'1', 2, '2019-10-17 14:58:45', NULL),
(118, 'Áo da bé gái hàn quốc', 'https://cbu01.alicdn.com/img/ibank/2019/826/573/10431375628_209672173.jpg', 'https://detail.1688.com/offer/587867126081.html?spm=a261y.7663282.1998411376.1.2dc813e5iVU0gn&scm=1007.19151.114112.0', 169000, 22000, 108000, 299000, 68, b'1', 2, '2019-10-17 15:01:14', NULL),
(119, 'Áo thun cổ hoa', 'https://cbu01.alicdn.com/img/ibank/2016/764/073/3433370467_452106347.jpg', 'https://detail.1688.com/offer/538225215828.html?spm=a2615.7691456.autotrace-offerGeneral.4.3760237bVp25rO', 68000, 9000, 52600, 129600, 80, b'1', 2, '2019-10-17 15:01:14', NULL),
(120, 'Áo Thun cổ Vuông', 'https://cbu01.alicdn.com/img/ibank/2017/624/981/4587189426_452106347.jpg', 'https://detail.1688.com/offer/538240867751.html?spm=b26110380.sw1688.0.0.1bab44abD2eLSA', 75000, 10000, 85000, 170000, 112, b'1', 2, '2019-10-17 15:02:47', NULL),
(121, 'Áo sơ mi kẻ cổ búp bê', 'https://cbu01.alicdn.com/img/ibank/2019/469/861/11833168964_1240680452.jpg', 'https://detail.1688.com/offer/601529447853.html?spm=b26110380.8880418.csimg003.1.47a0adccIUs4Vw', 71000, 6000, 83000, 160000, 116, b'1', 2, '2019-10-17 15:18:01', NULL),
(122, 'Quần tất ', 'https://cbu01.alicdn.com/img/ibank/2018/890/966/9387669098_699718667.jpg', 'https://detail.1688.com/offer/577946627947.html?spm=a2615.7691456.autotrace-offerGeneral.7.6bce3506HR3jhg', 34000, 6000, 50000, 90000, 140, b'1', 3, '2019-10-17 15:18:01', NULL),
(123, 'Áo len mỏng màu sọc', 'https://cbu01.alicdn.com/img/ibank/2019/801/430/11821034108_699718667.jpg', 'https://detail.1688.com/offer/599908674948.html?spm=a2615.7691456.autotrace-offerGeneral.25.568e3506w00th7', 54000, 6000, 75000, 135000, 135, b'1', 2, '2019-10-17 15:21:52', NULL),
(124, 'Áo sơ mi hoa hàn quốc', 'https://cbu01.alicdn.com/img/ibank/2019/894/794/11758497498_699718667.jpg', 'https://detail.1688.com/offer/600860229440.html?spm=a2615.7691456.autotrace-offerGeneral.34.24dd35067vdy4s', 61000, 6000, 83000, 150000, 133, b'1', 2, '2019-10-17 15:21:52', NULL),
(125, 'Balo nhỏ', 'https://cbu01.alicdn.com/img/ibank/2019/549/291/11337192945_815409547.jpg', 'https://detail.1688.com/offer/597932267042.html', 46000, 8100, 80900, 135000, 165, b'1', 8, '2019-10-19 18:09:48', NULL),
(126, 'Túi Mini silicon', 'https://cbu01.alicdn.com/img/ibank/2019/088/109/11435901880_815409547.jpg', 'https://detail.1688.com/offer/598734971507.html', 49000, 8100, 77900, 135000, 151, b'1', 8, '2019-10-19 18:11:59', '2019-10-19 19:28:14'),
(127, 'Túi sách công chúa', 'https://cbu01.alicdn.com/img/ibank/2019/708/671/11212176807_815409547.jpg', 'https://detail.1688.com/offer/596474909053.html', 48000, 8100, 78900, 135000, 155, b'1', 8, '2019-10-19 18:13:22', '2019-10-19 19:28:01'),
(128, 'Túi tròn dễ thương', 'https://cbu01.alicdn.com/img/ibank/2019/362/537/10875735263_276256877.jpg', 'https://detail.1688.com/offer/592797664203.html', 54000, 8100, 82900, 145000, 147, b'1', 8, '2019-10-19 18:15:06', '2019-10-19 19:27:47'),
(129, 'Túi mini Think', 'https://cbu01.alicdn.com/img/ibank/2019/419/696/11151696914_815409547.jpg', 'https://detail.1688.com/offer/595895501305.html', 29000, 8100, 67900, 105000, 205, b'1', 8, '2019-10-19 18:16:10', '2019-10-19 19:27:26'),
(130, 'Túi spure', 'https://cbu01.alicdn.com/img/ibank/2019/650/039/10498930056_815409547.jpg', 'https://detail.1688.com/offer/588172129701.html', 38000, 8100, 48900, 95000, 124, b'1', 8, '2019-10-19 18:18:08', '2019-10-19 19:27:07'),
(131, 'Túi Sport', 'https://cbu01.alicdn.com/img/ibank/2018/698/196/9611691896_815409547.jpg', 'https://detail.1688.com/offer/582033687537.html', 36000, 8100, 50900, 95000, 134, b'1', 8, '2019-10-19 18:20:11', '2019-10-19 19:26:39'),
(132, 'Túi pikachu', 'https://cbu01.alicdn.com/img/ibank/2019/542/889/11213988245_815409547.jpg', 'https://detail.1688.com/offer/596493421709.html', 24000, 8100, 82900, 115000, 283, b'1', 8, '2019-10-19 18:21:15', NULL),
(133, 'Túi robot', 'https://cbu01.alicdn.com/img/ibank/2019/036/026/11101620630_815409547.jpg', 'https://detail.1688.com/offer/595557554820.html', 31000, 8100, 75900, 115000, 215, b'1', 8, '2019-10-19 18:23:06', '2019-10-19 19:26:14'),
(134, 'Túi oto', 'https://cbu01.alicdn.com/img/ibank/2019/243/676/11285676342_815409547.jpg', 'https://detail.1688.com/offer/597252598847.html', 39000, 8100, 47900, 95000, 119, b'1', 8, '2019-10-19 18:25:26', '2019-10-19 19:25:58'),
(135, 'Túi tai thỏ', 'https://cbu01.alicdn.com/img/ibank/2019/217/427/11113724712_815409547.jpg', 'https://detail.1688.com/offer/594611344962.html', 46000, 8100, 60900, 115000, 128, b'1', 8, '2019-10-19 18:26:55', '2019-10-19 19:25:46'),
(136, 'Túi doremon', 'https://cbu01.alicdn.com/img/ibank/2019/415/150/11307051514_815409547.jpg', 'https://detail.1688.com/offer/597302521055.html?spm=a2615.7691456.autotrace-offerGeneral.4.103c43f2URCgdS', 36000, 8100, 50900, 95000, 134, b'1', 8, '2019-10-19 18:29:08', '2019-10-19 19:25:22'),
(137, 'Túi Vịt', 'https://cbu01.alicdn.com/img/ibank/2019/597/596/10533695795_815409547.jpg', 'https://detail.1688.com/offer/588567271160.html', 33000, 8100, 53900, 95000, 151, b'1', 8, '2019-10-19 18:31:58', '2019-10-19 19:25:07'),
(138, 'Túi Cá Mập', 'https://cbu01.alicdn.com/img/ibank/2019/158/937/10315739851_815409547.jpg', 'https://detail.1688.com/offer/585352746749.html', 29000, 8100, 37900, 75000, 124, b'1', 8, '2019-10-19 18:33:05', '2019-10-19 19:24:41'),
(139, 'Váy elsa cổ tàu', 'https://cbu01.alicdn.com/img/ibank/2019/016/637/12150736610_1048815581.jpg', 'https://detail.1688.com/offer/587809961970.html', 119000, 11000, 105000, 235000, 89, b'1', 4, '2019-10-19 19:54:24', NULL),
(140, 'Váy elsa công chúa', 'https://cbu01.alicdn.com/img/ibank/2019/361/439/12058934163_1048815581.jpg', 'https://detail.1688.com/offer/602225064857.html', 113000, 11000, 96000, 220000, 86, b'1', 4, '2019-10-19 19:55:27', NULL),
(141, 'Váy công chúa điểm hoa', 'https://cbu01.alicdn.com/img/ibank/2016/508/892/3309298805_1152233505.jpg', 'https://detail.1688.com/offer/536576323584.html?spm=a2615.7691456.autotrace-offerGeneral.34.16be1430XNgBgk', 121000, 18000, 136000, 275000, 111, b'1', 4, '2019-11-02 13:09:08', NULL),
(142, 'Váy công chúa hoa đào', 'https://cbu01.alicdn.com/img/ibank/2015/743/702/2687207347_1152233505.jpg', 'https://detail.1688.com/offer/525521136615.html?spm=a2615.7691456.autotrace-offerGeneral.4.27031430rEsmOt', 99000, 18000, 133000, 250000, 129, b'1', 4, '2019-11-02 13:09:08', NULL),
(143, 'Váy công chúa vòng cổ', 'https://cbu01.alicdn.com/img/ibank/2017/986/639/4700936689_1152233505.jpg', 'https://detail.1688.com/offer/558645208851.html?spm=a2615.7691456.autotrace-offerGeneral.40.436d1430M1Eim6', 127000, 18000, 130000, 275000, 102, b'1', 4, '2019-11-02 13:11:11', NULL),
(144, 'Váy công chúa lót nhung', 'https://cbu01.alicdn.com/img/ibank/2017/297/526/5319625792_1152233505.jpg', 'https://detail.1688.com/offer/558438059290.html?spm=a2615.7691456.autotrace-offerGeneral.43.436d1430M1Eim6', 127000, 18000, 130000, 275000, 102, b'1', 4, '2019-11-02 13:11:11', NULL),
(145, 'Bộ Ngụy', 'https://cbu01.alicdn.com/img/ibank/2019/800/609/11691906008_1214745432.jpg', 'https://detail.1688.com/offer/575792813330.html?spm=a261y.7663282.hotsale.5.ea6f3f77QtiHbc', 88000, 18000, 89000, 195000, 101, b'0', 1, '2019-11-02 13:14:10', NULL),
(146, 'Bộ thể thao YKSN', 'https://cbu01.alicdn.com/img/ibank/2018/220/857/9411758022_1214745432.jpg', 'https://detail.1688.com/offer/577131624728.html?spm=a2615.7691456.autotrace-offerGeneral.19.5212140be5RaPF', 95000, 18000, 162000, 275000, 159, b'1', 1, '2019-11-02 13:14:10', NULL),
(147, 'Bộ Thể Thao Hàn Quốc', 'https://cbu01.alicdn.com/img/ibank/2019/017/186/11756681710_1214745432.jpg', 'https://detail.1688.com/offer/599808732264.html?spm=a2615.7691456.autotrace-offerGeneral.37.1184140baGJFXQ', 166000, 18000, 115000, 299000, 72, b'1', 1, '2019-11-02 13:16:44', NULL),
(148, 'Khoác Bò buộc dây', 'https://cbu01.alicdn.com/img/ibank/2019/007/755/11687557700_1214745432.jpg', 'https://detail.1688.com/offer/599810428156.html?spm=a2615.7691456.autotrace-offerGeneral.22.5099140bDPyzAL', 159000, 18000, 98000, 275000, 66, b'1', 2, '2019-11-02 13:16:44', NULL),
(149, 'Bộ cotton bé gái', 'https://cbu01.alicdn.com/img/ibank/2019/189/752/11564257981_770175532.jpg', 'https://detail.1688.com/offer/599294130118.html?spm=a2615.7691456.autotrace-offerGeneral.7.5a7d2b994aeN4S', 77000, 24000, 74000, 175000, 97, b'1', 1, '2019-11-02 13:19:45', NULL),
(150, 'Sét váy gile len', 'https://cbu01.alicdn.com/img/ibank/2019/199/552/11657255991_770175532.jpg', 'https://detail.1688.com/offer/599341988375.html?spm=a2615.7691456.autotrace-offerGeneral.13.7a792b99MwaFzC', 196000, 18000, 161000, 375000, 84, b'1', 1, '2019-11-02 13:19:45', NULL),
(151, 'Bộ TT 3 mảnh', 'https://cbu01.alicdn.com/img/ibank/2019/115/811/11520118511_770175532.jpg', 'https://detail.1688.com/offer/598560484210.html?spm=a2615.7691456.autotrace-offerGeneral.40.7f3f2b99XrIV8V', 216000, 18000, 165000, 399000, 78, b'1', 1, '2019-11-02 13:22:04', NULL),
(152, 'Váy lưới công chúa', 'https://cbu01.alicdn.com/img/ibank/2019/057/472/11593274750_770175532.jpg', 'https://detail.1688.com/offer/599477583598.html?spm=b26110380.sw1688.mof001.9.1fb44e67K7w8uM', 162000, 18000, 145000, 325000, 91, b'1', 4, '2019-11-02 13:22:04', NULL),
(153, 'Bộ lụa gấu', 'https://cbu01.alicdn.com/img/ibank/2019/835/119/11655911538_458150735.jpg', 'https://detail.1688.com/offer/600883023995.html?spm=a2615.7691456.autotrace-offerGeneral.43.498d499bAFGSxP', 84000, 15000, 81000, 180000, 97, b'1', 1, '2019-11-02 13:24:19', NULL),
(154, 'Bộ Phao', 'https://cbu01.alicdn.com/img/ibank/2019/681/818/11854818186_981030018.jpg', 'https://detail.1688.com/offer/601349024816.html?spm=a2615.7691456.autotrace-offerGeneral.37.3dbd499b49xgVA', 108000, 15000, 92000, 215000, 87, b'1', 1, '2019-11-02 13:24:19', NULL),
(155, 'Bộ sơ mi trắng', 'https://cbu01.alicdn.com/img/ibank/2018/420/816/9059618024_1559556897.jpg', 'https://detail.1688.com/offer/596812431011.html?spm=a2615.7691456.autotrace-offerGeneral.22.2d35499bQ32TFR', 111000, 15000, 109000, 235000, 98, b'0', 1, '2019-11-02 13:26:05', NULL),
(156, 'Bộ Hình vui nhộn', 'https://cbu01.alicdn.com/img/ibank/2019/193/179/11803971391_1437640767.jpg', 'https://detail.1688.com/offer/601587355610.html?spm=a2615.7691456.autotrace-offerGeneral.22.211b3a36IDqGSs', 111000, 20000, 84000, 215000, 79, b'1', 1, '2019-11-02 13:26:05', NULL),
(157, 'Bộ TT khóa', 'https://cbu01.alicdn.com/img/ibank/2019/447/159/11802951744_1437640767.jpg', 'https://detail.1688.com/offer/601188021777.html?spm=a2615.7691456.autotrace-offerGeneral.22.4b1a3a365Gzf5s', 125000, 20000, 105000, 250000, 86, b'1', 1, '2019-11-02 13:28:14', NULL),
(158, 'Bộ 3 mảnh Khóa', 'https://cbu01.alicdn.com/img/ibank/2019/037/815/11531518730_1437640767.jpg', 'https://detail.1688.com/offer/599196283883.html?spm=a2615.7691456.autotrace-offerGeneral.13.3f163a366WRVGA', 118000, 20000, 137000, 275000, 114, b'1', 1, '2019-11-02 13:28:14', NULL),
(159, 'Bộ Phong Cách HQ', 'https://cbu01.alicdn.com/img/ibank/2019/757/628/11914826757_1437640767.jpg', 'https://detail.1688.com/offer/601917295817.html?spm=a2615.7691456.autotrace-offerGeneral.37.cdc63a36an7VyW', 91000, 20000, 54000, 165000, 67, b'1', 1, '2019-11-02 13:29:59', NULL),
(160, 'Bộ Thun dễ thương', 'https://cbu01.alicdn.com/img/ibank/2018/243/757/9078757342_1437640767.jpg', 'https://detail.1688.com/offer/573308386548.html?spm=a2615.7691456.autotrace-offerGeneral.10.7a0d3a36HI4anw', 80000, 20000, 50000, 150000, 70, b'1', 1, '2019-11-02 13:29:59', NULL),
(161, 'Bộ Lông dễ thương', 'https://cbu01.alicdn.com/img/ibank/2019/961/444/12276444169_1437640767.jpg', 'https://detail.1688.com/offer/605239197550.html?spm=a261y.7663282.hotsale.6.265e20fcuyyf6J', 89000, 20000, 86000, 195000, 97, b'1', 1, '2019-11-02 13:32:14', NULL),
(162, 'Váy nhung', 'https://cbu01.alicdn.com/img/ibank/2019/056/135/10901531650_1437640767.jpg', 'https://detail.1688.com/offer/592355314305.html?spm=a2615.7691456.autotrace-offerGeneral.37.33923a36BWd5EF', 56000, 20000, 49000, 125000, 91, b'1', 4, '2019-11-02 13:32:14', NULL),
(163, 'Váy nơ', 'https://cbu01.alicdn.com/img/ibank/2016/768/935/3699539867_1437640767.jpg', 'https://detail.1688.com/offer/542895673817.html?spm=a2615.7691456.autotrace-offerGeneral.19.52813a36OPvqM3', 51000, 20000, 44000, 115000, 90, b'1', 4, '2019-11-02 13:33:11', NULL),
(164, 'Váy ren công chúa', 'https://cbu01.alicdn.com/img/ibank/2019/685/482/11642284586_2069268434.jpg', 'https://detail.1688.com/offer/599463156721.html?spm=a261y.7663282.1998411376.4.6ed47bc1KrZDrT&scm=1007.19151.114112.0', 125000, 15000, 110000, 250000, 89, b'1', 4, '2019-11-14 11:32:22', NULL),
(165, 'Váy thỏ', 'https://cbu01.alicdn.com/img/ibank/2017/738/421/7893124837_2069268434.jpg', 'https://detail.1688.com/offer/563243229045.html?spm=a2615.7691456.autotrace-offerGeneral.31.322c5bc9cPtYi6', 64000, 15000, 56000, 135000, 90, b'1', 4, '2019-11-14 11:33:07', NULL),
(166, 'Bộ len nhỏ', 'https://cbu01.alicdn.com/img/ibank/2018/385/146/9629641583_661042223.jpg', 'https://detail.1688.com/offer/581857210031.html?spm=a260k.dacugeneral.home2019rec.13.6633436cgwdaKJ&resourceId=850343&udsPoolId=1026341&scm=1007.21237.114566.0&pvid=0275f20d-29c7-4077-8370-ff48ca6251f0&tpp_trace=0b1aee8e15723330240852884d07df&extStr=0.165', 64000, 15000, 86000, 165000, 128, b'1', 1, '2019-11-14 11:34:46', NULL),
(167, 'Hộp quà ', 'https://cbu01.alicdn.com/img/ibank/2015/405/647/2153746504_1737155358.jpg', 'https://detail.1688.com/offer/36394884415.html?spm=a2615.7691456.autotrace-offerGeneral.7.56095cb8pW2Yr1', 128000, 70000, 127000, 325000, 99, b'1', 8, '2019-11-14 11:36:02', NULL),
(168, 'Hộp quà dày', 'https://cbu01.alicdn.com/img/ibank/2017/020/485/4563584020_1737155358.jpg', 'https://detail.1688.com/offer/36394884415.html?spm=a2615.7691456.autotrace-offerGeneral.7.56095cb8pW2Yr1', 142000, 70000, 138000, 350000, 98, b'1', 8, '2019-11-14 11:37:54', NULL),
(169, 'Bộ cotton dài tay', 'https://cbu01.alicdn.com/img/ibank/2019/746/767/11677767647_285688425.jpg', 'https://detail.1688.com/offer/572490624774.html?spm=b26110380.sw1688.0.0.63f366b1OZc5HU', 29000, 8000, 43000, 80000, 138, b'1', 1, '2019-11-14 11:42:23', NULL),
(170, 'Bộ cotton dài tay', 'https://cbu01.alicdn.com/img/ibank/2019/746/767/11677767647_285688425.jpg', 'https://detail.1688.com/offer/572490624774.html?spm=b26110380.sw1688.0.0.63f366b1OZc5HU', 32000, 8000, 45000, 85000, 133, b'1', 1, '2019-11-14 11:42:23', NULL),
(171, 'Bộ cotton dài tay', 'https://cbu01.alicdn.com/img/ibank/2019/746/767/11677767647_285688425.jpg', 'https://detail.1688.com/offer/572490624774.html?spm=b26110380.sw1688.0.0.63f366b1OZc5HU', 36000, 8000, 46000, 90000, 123, b'1', 1, '2019-11-14 11:44:07', NULL),
(172, 'Bộ cotton dài tay', 'https://cbu01.alicdn.com/img/ibank/2019/746/767/11677767647_285688425.jpg', 'https://detail.1688.com/offer/572490624774.html?spm=b26110380.sw1688.0.0.63f366b1OZc5HU', 39000, 8000, 48000, 95000, 119, b'1', 1, '2019-11-14 11:44:07', NULL),
(173, 'Yếm phao lông vũ', 'https://cbu01.alicdn.com/img/ibank/2017/012/750/7722057210_570668557.jpg', 'https://detail.1688.com/offer/573370105133.html?spm=a2615.7691456.autotrace-offerGeneral.37.1b325aa5ydLWZj', 44000, 11000, 95000, 150000, 193, b'1', 3, '2019-11-14 11:45:30', NULL),
(174, 'Áo phao', 'https://cbu01.alicdn.com/img/ibank/2018/000/734/9194437000_570668557.jpg', 'https://detail.1688.com/offer/575400213881.html?spm=b26110380.sw1688.0.0.471c194aci2iUO', 81000, 11000, 73000, 165000, 91, b'1', 2, '2019-11-14 11:49:14', NULL),
(175, 'Hài búp bê đính đá', 'https://cbu01.alicdn.com/img/ibank/2019/405/944/11594449504_1752244027.jpg', 'https://detail.1688.com/offer/599683915478.html?spm=a2615.7691456.autotrace-offerGeneral.13.34f67e9atY6Gy8', 155000, 22000, 103000, 280000, 71, b'1', 6, '2019-11-14 11:50:17', NULL),
(176, 'Hài công chúa nơ', 'https://cbu01.alicdn.com/img/ibank/2018/106/424/8648424601_1752244027.jpg', 'https://detail.1688.com/offer/566496765354.html?spm=a2615.7691456.autotrace-offerGeneral.40.5fbc7e9ao17lLY', 132000, 22000, 101000, 255000, 80, b'1', 6, '2019-11-14 11:52:12', NULL),
(177, 'Bộ công tử gile', 'https://cbu01.alicdn.com/img/ibank/2019/618/792/11415297816_475796735.jpg', 'https://detail.1688.com/offer/598304502978.html?spm=a2615.7691456.autotrace-offerGeneral.16.24dd7f51cMmHLd', 162000, 15000, 108000, 285000, 69, b'1', 1, '2019-11-14 11:53:22', NULL),
(178, 'Áo len cổ cao', 'https://cbu01.alicdn.com/img/ibank/2019/488/343/10418343884_305893072.jpg', 'https://detail.1688.com/offer/587907327168.html?spm=a2615.7691456.autotrace-offerGeneral.25.1c405c24jBqWU3', 65000, 13000, 87000, 165000, 128, b'1', 2, '2019-11-21 11:57:27', NULL),
(179, 'Áo thun cổ hoa', 'https://cbu01.alicdn.com/img/ibank/2016/764/073/3433370467_452106347.jpg', 'https://detail.1688.com/offer/538225215828.html?spm=a2615.7691456.autotrace-offerGeneral.4.3760237bVp25rO', 68000, 10000, 77000, 155000, 112, b'1', 2, '2019-11-21 12:14:21', NULL);
INSERT INTO `smi_products` (`id`, `name`, `image`, `link`, `price`, `fee_transport`, `profit`, `retail`, `percent`, `type`, `category_id`, `created_at`, `updated_at`) VALUES
(180, 'Áo Thun cổ Vuông', 'https://cbu01.alicdn.com/img/ibank/2017/624/981/4587189426_452106347.jpg', 'https://detail.1688.com/offer/538240867751.html?spm=b26110380.sw1688.0.0.1bab44abD2eLSA', 75000, 10000, 85000, 170000, 112, b'1', 2, '2019-11-21 12:14:21', NULL),
(181, 'Sét áo bò váy len', 'https://cbu01.alicdn.com/img/ibank/2019/575/818/11599818575_1622796298.jpg', 'https://detail.1688.com/offer/599631241429.html?spm=a2615.7691456.autotrace-offerGeneral.7.4466ff150RAnge', 150000, 15000, 100000, 265000, 70, b'1', 1, '2019-11-21 14:12:56', NULL),
(182, 'Giày nơ', 'https://cbu01.alicdn.com/img/ibank/2019/573/278/11822872375_136845087.jpg', 'https://detail.1688.com/offer/601268810114.html?spm=a2615.7691456.autotrace-offerGeneral.13.32461815q1U9FQ', 1000, 14000, 135000, 150000, 993, b'1', 5, '2019-11-21 14:20:21', NULL),
(183, 'Bộ thể thao HQ', 'https://cbu01.alicdn.com/img/ibank/2016/054/109/3267901450_2140475802.jpg', 'https://detail.1688.com/offer/536085387501.html?spm=b26110380.sw1688.0.0.65c31e7ff3wFI5', 78000, 18000, 89000, 185000, 111, b'0', 1, '2019-11-21 17:54:51', NULL),
(184, 'Áo len bé trai cổ tròn', 'https://cbu01.alicdn.com/img/ibank/2018/038/527/9424725830_1532105031.jpg', 'https://detail.1688.com/offer/578611775071.html', 68000, 15000, 92000, 175000, 129, b'0', 2, '2019-11-21 18:03:25', NULL),
(185, 'Áo gió mỏng HQ', 'https://cbu01.alicdn.com/img/ibank/2019/457/370/10579073754_1867287801.jpg', 'https://detail.1688.com/offer/588939519713.html', 82000, 16000, 87000, 185000, 105, b'0', 2, '2019-11-21 18:10:29', NULL),
(186, 'Áo thun HQ', 'https://cbu01.alicdn.com/img/ibank/2019/121/516/11489615121_1532105031.jpg', 'https://detail.1688.com/offer/598037572284.html', 61000, 15000, 79000, 155000, 124, b'0', 2, '2019-11-21 18:20:27', NULL),
(187, 'Áo da nhung thêu tay', 'https://cbu01.alicdn.com/img/ibank/2017/561/281/7397182165_1867287801.jpg', 'https://detail.1688.com/offer/562307677112.html', 126000, 16000, 108000, 250000, 87, b'0', 2, '2019-11-21 18:25:41', NULL),
(188, 'Áo da nhung trơn', 'https://cbu01.alicdn.com/img/ibank/2017/049/726/3877627940_1867287801.jpg', 'https://detail.1688.com/offer/545565597419.html', 115000, 16000, 104000, 235000, 92, b'0', 2, '2019-11-21 18:27:05', NULL),
(189, 'Áo da bé gái HQ', 'https://cbu01.alicdn.com/img/ibank/2019/826/573/10431375628_209672173.jpg', 'https://detail.1688.com/offer/587867126081.html', 169000, 22000, 108000, 299000, 68, b'1', 2, '2019-11-21 18:31:59', NULL),
(190, 'Áo sơ mi bút chì', 'https://lh4.googleusercontent.com/Gc5OMIaus0pkEauAp-8DAFuo9mVFtYX9hNN7af1ugA2WxFQAbH1_7MxswtVJNDBGRQ4a3jTTx03kQtJFQBWsHXiKLJU_AbYz2ATnfU-XpaVqC0Lidt0gfLXB5Y4KkHcWU07QThiE1g', NULL, 61000, 11000, 83000, 155000, 131, b'0', 2, '2019-11-21 18:36:08', NULL),
(191, 'Áo sơ mi kẻ', 'https://cbu01.alicdn.com/img/ibank/2016/551/463/3386364155_1914644854.400x400.jpg', 'https://detail.1688.com/offer/528289077548.html', 51000, 11000, 83000, 145000, 152, b'0', 2, '2019-11-21 18:38:03', NULL),
(192, 'Quần Jean mài', 'https://cbu01.alicdn.com/img/ibank/2018/291/701/9248107192_1914644854.jpg', 'https://detail.1688.com/offer/575633807025.html', 75000, 10000, 80000, 165000, 106, b'1', 3, '2019-11-21 18:47:11', NULL),
(193, 'Quần Jean rách', 'https://cbu01.alicdn.com/img/ibank/2018/109/203/8773302901_1914644854.jpg', 'https://detail.1688.com/offer/568463171483.html', 68000, 10000, 72000, 150000, 105, b'1', 3, '2019-11-21 18:47:11', NULL),
(194, 'Quần Jean lửng có rua', 'https://cbu01.alicdn.com/img/ibank/2018/700/431/8889134007_1914644854.jpg', 'https://detail.1688.com/offer/569560530018.html', 68000, 10000, 72000, 150000, 105, b'1', 3, '2019-11-21 18:52:44', NULL),
(195, 'Quần bò hình vịt', 'https://cbu01.alicdn.com/img/ibank/2017/090/578/4024875090_1914644854.jpg', 'https://detail.1688.com/offer/547607401273.html', 75000, 10000, 80000, 165000, 106, b'1', 3, '2019-11-21 18:52:44', NULL),
(196, 'Quần Jean họa tiết màu sắc', 'https://cbu01.alicdn.com/img/ibank/2017/115/772/4127277511_1914644854.jpg', 'https://detail.1688.com/offer/547607401273.html?spm=b26110380.sw1688.0.0.2c4f713aIqYdMQ', 75000, 10000, 80000, 165000, 106, b'1', 3, '2019-11-21 18:55:43', NULL),
(197, 'Quần Jean gối hình mèo', 'https://cbu01.alicdn.com/img/ibank/2018/478/924/9214429874_1914644854.jpg', 'https://detail.1688.com/offer/547607401273.html?spm=b26110380.sw1688.0.0.2c4f713aIqYdMQ', 75000, 10000, 90000, 175000, 118, b'1', 3, '2019-11-21 18:55:43', NULL),
(198, 'Áo sơ mi kẻ nữ', 'https://cbu01.alicdn.com/img/ibank/2019/606/838/11848838606_1622796298.jpg', 'https://detail.1688.com/offer/601225606762.html?spm=a2615.7691456.autotrace-offerGeneral.13.3b69ff15QbMgrW', 85000, 15000, 75000, 175000, 90, b'1', 2, '2019-11-22 15:32:42', NULL),
(199, 'Váy bé gái hồng điệu', 'https://cbu01.alicdn.com/img/ibank/2019/525/248/10452842525_1814014530.jpg', 'https://detail.1688.com/offer/587428273488.html?spm=a2615.7691456.autotrace-offerGeneral.46.1d6f179cf4uPSV', 151000, 11000, 88000, 250000, 61, b'1', 4, '2019-11-22 15:46:52', NULL),
(200, 'Váy bé gái cổ tàu', 'https://cbu01.alicdn.com/img/ibank/2019/445/035/10965530544_1814014530.400x400.jpg', 'https://detail.1688.com/offer/593295623130.html?spm=a2615.7691456.autotrace-offerGeneral.16.51d2179cKoFInn', 173000, 11000, 131000, 315000, 77, b'1', 4, '2019-11-22 15:46:52', NULL),
(201, 'Váy bé gái đỏ đậm', 'https://cbu01.alicdn.com/img/ibank/2019/309/219/11821912903_919680157.400x400.jpg', 'https://detail.1688.com/offer/603071118254.html?spm=a2615.7691456.autotrace-offerGeneral.25.1d9e5fece8ZO3E', 106000, 15000, 94000, 215000, 90, b'1', 4, '2019-11-22 15:59:31', '2019-11-22 16:00:22'),
(202, 'Váy choàng', 'https://cbu01.alicdn.com/img/ibank/2019/587/125/10461521785_273906147.400x400.jpg', 'https://detail.1688.com/offer/576036222155.html?spm=a261y.7663282.1998411376.1.1c8f7a06qtMOJG&scm=1007.19151.114112.0', 116000, 15000, 84000, 215000, 76, b'1', 4, '2019-11-22 15:59:31', NULL),
(203, 'Áo phao bé gái', 'https://cbu01.alicdn.com/img/ibank/2019/739/604/11472406937_1592731871.400x400.jpg', 'https://detail.1688.com/offer/598145696279.html?spm=a261y.7663282.1998411376.1.7f9148d00N81QA&scm=1007.19151.114112.0', 120000, 29000, 101000, 250000, 87, b'1', 2, '2019-11-22 17:15:52', NULL),
(204, 'Quần bò hình họa tiết', 'https://cbu01.alicdn.com/img/ibank/2017/478/907/4153709874_1914644854.400x400.jpg', 'https://detail.1688.com/offer/547607401273.html?spm=b26110380.sw1688.0.0.2c4f713aIqYdMQ', 75000, 10000, 80000, 165000, 106, b'1', 3, '2019-11-22 17:58:43', NULL),
(205, 'Quần dài ống bó co dãn', 'https://cbu01.alicdn.com/img/ibank/2017/505/220/3772022505_1450214463.400x400.jpg', 'https://detail.1688.com/offer/522559213389.html', 48000, 7000, 35000, 90000, 76, b'1', 3, '2019-11-22 18:20:30', NULL),
(206, 'Quần legging', 'https://cbu01.alicdn.com/img/ibank/2019/796/636/11107636697_1018859420.400x400.jpg', 'https://detail.1688.com/offer/595259210904.html', 34000, 3700, 31300, 69000, 93, b'1', 3, '2019-11-22 18:37:33', NULL),
(207, 'Áo săm tay', 'https://cbu01.alicdn.com/img/ibank/2017/697/921/5578129796_1712982732.400x400.jpg', 'https://detail.1688.com/offer/541733167286.html', 48000, 6000, 56000, 110000, 115, b'0', 2, '2019-11-22 19:10:46', NULL),
(208, 'Bộ body', 'https://cbu01.alicdn.com/img/ibank/2018/239/963/8555369932_1712982732.400x400.jpg', 'https://detail.1688.com/offer/558339449625.html', 78000, 6000, 81000, 165000, 104, b'1', 1, '2019-11-22 19:19:58', NULL),
(209, 'Áo khoác mỏng', 'https://cbu01.alicdn.com/img/ibank/2018/751/951/8803159157_1450214463.400x400.jpg', 'https://detail.1688.com/offer/568544394879.html', 75000, 7000, 83000, 165000, 110, b'1', 2, '2019-11-22 19:22:28', NULL),
(210, 'Mũ len thỏ + khăn', 'https://cbu01.alicdn.com/img/ibank/2019/481/185/11929581184_47365351.jpg', 'https://detail.1688.com/offer/602511239754.html?spm=a2615.7691456.autotrace-offerGeneral.19.54d34ba0T4vBAD', 38000, 5000, 46000, 89000, 119, b'1', 7, '2019-11-26 18:27:22', NULL),
(211, 'Mũ Len Mèo', 'https://cbu01.alicdn.com/img/ibank/2019/865/134/12259431568_47365351.jpg', 'https://detail.1688.com/offer/605575767120.html?spm=a2615.7691456.autotrace-offerGeneral.43.53204ba0Hrk3Em', 36000, 5000, 28000, 69000, 80, b'1', 7, '2019-11-26 18:34:52', NULL),
(212, 'Mũ len dâu tây', 'https://cbu01.alicdn.com/img/ibank/2019/805/984/12175489508_47365351.jpg', 'https://detail.1688.com/offer/604228414051.html?spm=a2615.7691456.autotrace-offerGeneral.43.6e0e4ba0K9iX6N', 34000, 5000, 30000, 69000, 90, b'1', 7, '2019-11-26 18:36:56', '2019-11-26 18:43:49'),
(213, 'Mũ Len HQ', 'https://cbu01.alicdn.com/img/ibank/2019/685/555/11855555586_47365351.jpg', 'https://detail.1688.com/offer/601268094903.html?spm=a2615.7691456.autotrace-offerGeneral.40.65444ba05W2Akd', 27000, 5000, 27000, 59000, 100, b'1', 7, '2019-11-26 18:39:32', NULL),
(214, 'Bộ body tai thỏ', 'https://cbu01.alicdn.com/img/ibank/2018/554/064/8859460455_784452305.jpg', 'https://detail.1688.com/offer/569290673417.html?spm=a2615.7691456.autotrace-offerGeneral.13.5b6f1e8dGiltkt', 96000, 19000, 60000, 175000, 69, b'1', 1, '2019-11-26 19:19:47', NULL),
(215, 'Bộ đồ SMEG', 'https://cbu01.alicdn.com/img/ibank/2019/638/787/10437787836_1522705121.jpg', 'https://detail.1688.com/offer/587265672574.html?spm=b26110380.8880418.csimg003.66.4be8adccthR5s4', 154000, 26000, 115000, 295000, 78, b'0', 1, '2019-11-26 19:23:32', NULL),
(216, 'Bộ Pijama Hồng', 'https://cbu01.alicdn.com/img/ibank/2019/690/962/11548269096_1185912143.jpg', 'https://detail.1688.com/offer/599220329990.html?spm=a2615.7691456.autotrace-offerGeneral.40.5baa6134VHLc80', 113000, 14000, 68000, 195000, 65, b'1', 1, '2019-11-26 19:44:37', NULL),
(217, 'Bộ gile bé Trai', 'https://cbu01.alicdn.com/img/ibank/2018/176/333/9057333671_1185912143.jpg', 'https://detail.1688.com/offer/573158051825.html?spm=a2615.7691456.autotrace-offerGeneral.4.382561345Ke3ym', 123000, 14000, 98000, 235000, 82, b'0', 1, '2019-11-27 13:44:03', '2019-11-27 13:45:22'),
(218, 'Sét cadigan vàng', 'https://cbu01.alicdn.com/img/ibank/2019/103/316/11821613301_1185912143.jpg', 'https://detail.1688.com/offer/601020502188.html?spm=a2615.7691456.autotrace-offerGeneral.4.43bc6134kt3Nab', 147000, 14000, 134000, 295000, 92, b'0', 1, '2019-11-27 13:51:57', '2019-11-27 14:19:23'),
(219, 'Bộ Cadigan bấm', 'https://cbu01.alicdn.com/img/ibank/2019/670/802/10340208076_1185912143.jpg', 'https://detail.1688.com/offer/586575238742.html?spm=a2615.7691456.autotrace-offerGeneral.28.51a3613478iWEO', 130000, 14000, 131000, 275000, 101, b'1', 1, '2019-11-27 14:07:22', '2019-11-27 14:18:58'),
(220, 'Bộ Thô Bé Trai', 'https://cbu01.alicdn.com/img/ibank/2019/112/972/10257279211_1185912143.jpg', 'https://detail.1688.com/offer/585255802202.html?spm=a2615.7691456.autotrace-offerGeneral.46.285d6134jpnfYi', 96000, 14000, 85000, 195000, 90, b'0', 1, '2019-11-27 14:13:32', NULL),
(221, 'Sét Sơ Mi gile Len', 'https://cbu01.alicdn.com/img/ibank/2019/732/718/11607817237_1185912143.jpg', 'https://detail.1688.com/offer/599794251338.html?spm=b26110380.sw1688.mof001.115.24334bd3OEBsJh', 147000, 14000, 134000, 295000, 92, b'0', 1, '2019-11-27 14:15:25', '2019-11-28 10:42:55'),
(222, 'Bộ đồ len họa tiết', 'https://cbu01.alicdn.com/img/ibank/2016/096/880/3396088690_305893072.jpg', 'https://detail.1688.com/offer/537777898786.html?spm=a261y.7663282.1998411376.1.5bb276a3A80PZd&scm=1007.19151.114112.0', 145000, 13000, 92000, 250000, 66, b'1', 1, '2019-11-28 11:48:18', '2019-11-28 23:33:45');

-- --------------------------------------------------------

--
-- Cấu trúc bảng cho bảng `smi_variations`
--

CREATE TABLE `smi_variations` (
  `id` int(11) NOT NULL,
  `product_id` int(11) NOT NULL,
  `size` varchar(20) NOT NULL,
  `color` varchar(10) NOT NULL,
  `quantity` int(11) NOT NULL,
  `sku` int(11) NOT NULL,
  `created_at` datetime DEFAULT NULL,
  `updated_at` datetime DEFAULT NULL
) ENGINE=InnoDB DEFAULT CHARSET=utf8;

--
-- Đang đổ dữ liệu cho bảng `smi_variations`
--

INSERT INTO `smi_variations` (`id`, `product_id`, `size`, `color`, `quantity`, `sku`, `created_at`, `updated_at`) VALUES
(1, 1, '73', 'Xanh', 1, 101, '2019-10-05 09:55:13', NULL),
(2, 1, '73', 'Vàng', 1, 102, '2019-10-05 09:55:13', NULL),
(3, 1, '73', 'Hồng', 1, 103, '2019-10-05 09:55:13', NULL),
(4, 1, '80', 'Xanh', 1, 104, '2019-10-05 09:55:13', NULL),
(5, 1, '80', 'Vàng', 1, 105, '2019-10-05 09:55:13', NULL),
(6, 1, '80', 'Hồng', 1, 106, '2019-10-05 09:55:13', NULL),
(7, 1, '90', 'Xanh', 1, 107, '2019-10-05 09:55:13', NULL),
(8, 1, '90', 'Vàng', 1, 108, '2019-10-05 09:55:13', NULL),
(9, 1, '90', 'Hồng', 1, 109, '2019-10-05 09:55:13', NULL),
(10, 1, '100', 'Xanh', 1, 110, '2019-10-05 09:55:13', NULL),
(11, 1, '100', 'Vàng', 1, 111, '2019-10-05 09:55:13', NULL),
(12, 1, '100', 'Hồng', 1, 112, '2019-10-05 09:55:13', NULL),
(13, 2, '3', 'Đỏ', 1, 201, '2019-10-05 10:10:51', NULL),
(14, 2, '3', 'Hồng', 1, 202, '2019-10-05 10:10:51', NULL),
(15, 2, '6', 'Đỏ', 1, 203, '2019-10-05 10:10:51', NULL),
(16, 2, '6', 'Hồng', 1, 204, '2019-10-05 10:10:51', NULL),
(17, 2, '9', 'Đỏ', 1, 205, '2019-10-05 10:10:51', NULL),
(18, 2, '9', 'Hồng', 1, 206, '2019-10-05 10:10:51', NULL),
(19, 3, '60', 'Trắng', 2, 301, '2019-10-05 10:37:17', NULL),
(20, 3, '73', 'Trắng', 2, 302, '2019-10-05 10:37:17', NULL),
(21, 3, '80', 'Trắng', 2, 303, '2019-10-05 10:37:17', NULL),
(22, 4, '6', 'Trắng', 1, 401, '2019-10-05 10:37:17', NULL),
(23, 4, '6', 'Đỏ', 1, 402, '2019-10-05 10:37:17', NULL),
(24, 4, '6', 'Hồng', 1, 403, '2019-10-05 10:37:17', NULL),
(25, 5, '60', 'Trắng', 1, 501, '2019-10-05 10:43:47', NULL),
(26, 5, '60', 'Hồng', 1, 502, '2019-10-05 10:43:47', NULL),
(28, 5, '73', 'Hồng', 0, 504, '2019-10-05 10:43:47', NULL),
(29, 6, '60', 'Trắng', 1, 601, '2019-10-05 10:50:11', NULL),
(30, 6, '60', 'Đỏ', 1, 602, '2019-10-05 10:50:11', NULL),
(31, 6, '60', 'Hồng', 1, 603, '2019-10-05 10:50:11', NULL),
(32, 6, '73', 'Trắng', 0, 604, '2019-10-05 10:50:11', NULL),
(33, 6, '73', 'Đỏ', 1, 605, '2019-10-05 10:50:11', NULL),
(34, 6, '73', 'Hồng', 1, 606, '2019-10-05 10:50:11', NULL),
(35, 6, '80', 'Trắng', 1, 607, '2019-10-05 10:50:11', NULL),
(36, 6, '80', 'Đỏ', 1, 608, '2019-10-05 10:50:11', NULL),
(37, 6, '80', 'Hồng', 1, 609, '2019-10-05 10:50:11', NULL),
(38, 7, '60', 'Xanh', 1, 701, '2019-10-05 10:50:11', NULL),
(39, 7, '60', 'Vàng', 1, 702, '2019-10-05 10:50:11', NULL),
(40, 7, '73', 'Xanh', 1, 703, '2019-10-05 10:50:11', NULL),
(41, 7, '73', 'Vàng', 1, 704, '2019-10-05 10:50:11', NULL),
(42, 8, '60', 'Đỏ', 1, 801, '2019-10-05 11:42:27', NULL),
(43, 8, '60', 'Hồng', 1, 802, '2019-10-05 11:42:27', NULL),
(44, 8, '73', 'Đỏ', 1, 803, '2019-10-05 11:42:27', NULL),
(45, 8, '73', 'Hồng', 1, 804, '2019-10-05 11:42:27', NULL),
(47, 8, '80', 'Hồng', 1, 806, '2019-10-05 11:42:27', NULL),
(48, 9, '6m', 'Hồng', 1, 901, '2019-10-05 11:49:58', NULL),
(49, 10, '73', 'Trắng', 1, 1001, '2019-10-05 16:11:01', NULL),
(50, 10, '73', 'Đỏ', 1, 1002, '2019-10-05 16:11:01', NULL),
(51, 10, '73', 'Hồng', 1, 1003, '2019-10-05 16:11:01', NULL),
(52, 11, 'free_size', 'Nâu', 22, 1101, '2019-10-05 19:44:27', NULL),
(53, 12, 'free_size', 'Nâu', 14, 1201, '2019-10-05 19:49:21', NULL),
(54, 13, 'free_size', 'Nâu', 24, 1301, '2019-10-05 19:49:21', NULL),
(55, 14, '80', 'Xanh', 2, 1401, '2019-10-05 19:55:12', NULL),
(56, 14, '90', 'Xanh', 1, 1402, '2019-10-05 19:55:12', NULL),
(57, 14, '100', 'Xanh', 2, 1403, '2019-10-05 19:55:12', NULL),
(58, 14, '110', 'Xanh', 2, 1404, '2019-10-05 19:55:12', NULL),
(59, 14, '120', 'Xanh', 1, 1405, '2019-10-05 19:55:12', NULL),
(60, 15, '80', 'Xanh', 2, 1501, '2019-10-05 19:55:12', NULL),
(61, 15, '90', 'Xanh', 1, 1502, '2019-10-05 19:55:12', NULL),
(62, 15, '100', 'Xanh', 2, 1503, '2019-10-05 19:55:12', NULL),
(63, 15, '110', 'Xanh', 2, 1504, '2019-10-05 19:55:12', NULL),
(64, 15, '120', 'Xanh', 2, 1505, '2019-10-05 19:55:12', NULL),
(65, 16, '80', 'Vàng', 1, 1601, '2019-10-05 19:57:21', NULL),
(66, 16, '90', 'Vàng', 1, 1602, '2019-10-05 19:57:21', NULL),
(67, 16, '100', 'Vàng', 1, 1603, '2019-10-05 19:57:21', NULL),
(68, 16, '110', 'Vàng', 1, 1604, '2019-10-05 19:57:21', NULL),
(69, 17, '80', 'Vàng', 1, 1701, '2019-10-05 20:13:56', NULL),
(70, 17, '90', 'Vàng', 1, 1702, '2019-10-05 20:13:56', NULL),
(71, 17, '100', 'Vàng', 1, 1703, '2019-10-05 20:13:56', NULL),
(72, 17, '110', 'Vàng', 1, 1704, '2019-10-05 20:13:56', NULL),
(73, 17, '120', 'Vàng', 1, 1705, '2019-10-05 20:13:56', NULL),
(74, 17, '80', 'Xám', 2, 1706, '2019-10-05 20:13:56', NULL),
(75, 17, '90', 'Xám', 2, 1707, '2019-10-05 20:13:56', NULL),
(76, 17, '100', 'Xám', 2, 1708, '2019-10-05 20:13:56', NULL),
(77, 17, '110', 'Xám', 2, 1709, '2019-10-05 20:13:56', NULL),
(79, 18, '80', 'Kem', 1, 1801, '2019-10-05 20:13:56', NULL),
(80, 18, '90', 'Kem', 1, 1802, '2019-10-05 20:13:56', NULL),
(81, 18, '100', 'Kem', 1, 1803, '2019-10-05 20:13:56', NULL),
(82, 18, '110', 'Kem', 1, 1804, '2019-10-05 20:13:56', NULL),
(83, 19, '80', 'Vàng', 0, 1901, '2019-10-05 20:20:42', NULL),
(84, 19, '90', 'Vàng', 1, 1902, '2019-10-05 20:20:42', NULL),
(85, 19, '100', 'Vàng', 1, 1903, '2019-10-05 20:20:42', NULL),
(86, 19, '110', 'Vàng', 1, 1904, '2019-10-05 20:20:42', NULL),
(87, 19, '120', 'Vàng', 0, 1905, '2019-10-05 20:20:42', NULL),
(88, 20, '80', 'Vàng', 2, 2001, '2019-10-05 20:35:13', NULL),
(89, 20, '90', 'Vàng', 2, 2002, '2019-10-05 20:35:13', NULL),
(90, 20, '100', 'Vàng', 2, 2003, '2019-10-05 20:35:13', NULL),
(91, 20, '110', 'Vàng', 2, 2004, '2019-10-05 20:35:13', NULL),
(92, 21, '80', 'Vàng', 2, 2101, '2019-10-05 20:35:14', NULL),
(93, 21, '90', 'Vàng', 2, 2102, '2019-10-05 20:35:14', NULL),
(94, 22, '73', 'Hồng', 1, 2201, '2019-10-05 20:45:27', NULL),
(95, 22, '80', 'Hồng', 0, 2202, '2019-10-05 20:45:27', NULL),
(96, 22, '90', 'Hồng', 1, 2203, '2019-10-05 20:45:27', NULL),
(97, 22, '100', 'Hồng', 1, 2204, '2019-10-05 20:45:27', NULL),
(98, 23, '80', 'Xanh', 1, 2301, '2019-10-05 20:45:27', NULL),
(99, 23, '90', 'Xanh', 0, 2302, '2019-10-05 20:45:27', NULL),
(100, 23, '100', 'Xanh', 0, 2303, '2019-10-05 20:45:27', NULL),
(101, 24, '73', 'Hồng', 1, 2401, '2019-10-05 20:51:51', NULL),
(102, 24, '80', 'Hồng', 1, 2402, '2019-10-05 20:51:51', NULL),
(103, 24, '90', 'Hồng', 1, 2403, '2019-10-05 20:51:51', NULL),
(104, 24, '100', 'Hồng', 1, 2404, '2019-10-05 20:51:51', NULL),
(105, 25, '73', 'Hồng', 0, 2501, '2019-10-05 20:52:51', NULL),
(106, 25, '80', 'Hồng', 1, 2502, '2019-10-05 20:52:51', NULL),
(107, 25, '90', 'Hồng', 1, 2503, '2019-10-05 20:52:51', NULL),
(108, 25, '100', 'Hồng', 1, 2504, '2019-10-05 20:52:51', NULL),
(109, 26, '90', 'Hồng', 1, 2601, '2019-10-05 20:54:00', NULL),
(110, 26, '100', 'Hồng', 1, 2602, '2019-10-05 20:54:00', NULL),
(111, 27, '80', 'Hồng', 1, 2701, '2019-10-05 20:55:04', NULL),
(112, 27, '90', 'Hồng', 2, 2702, '2019-10-05 20:55:04', NULL),
(113, 27, '100', 'Hồng', 2, 2703, '2019-10-05 20:55:04', NULL),
(114, 27, '110', 'Hồng', 2, 2704, '2019-10-05 20:55:04', NULL),
(115, 28, '80', 'Hồng', 2, 2801, '2019-10-05 20:56:03', NULL),
(116, 28, '90', 'Hồng', 2, 2802, '2019-10-05 20:56:03', NULL),
(117, 28, '100', 'Hồng', 2, 2803, '2019-10-05 20:56:03', NULL),
(118, 28, '110', 'Hồng', 2, 2804, '2019-10-05 20:56:03', NULL),
(119, 29, '73', 'Xanh', 1, 2901, '2019-10-05 22:57:36', NULL),
(120, 30, 'Free Size', 'Xanh', 3, 3001, '2019-10-07 15:12:37', NULL),
(121, 30, 'Free Size', 'Hồng', 2, 3002, '2019-10-07 15:12:37', NULL),
(122, 31, 'Free Size', 'Xanh', 6, 3101, '2019-10-07 15:16:23', NULL),
(123, 31, 'Free Size', 'Đỏ', 5, 3102, '2019-10-07 15:16:23', NULL),
(124, 31, 'Free Size', 'Hồng', 6, 3103, '2019-10-07 15:16:23', NULL),
(125, 31, 'Free Size', 'Đen', 6, 3104, '2019-10-07 15:16:23', NULL),
(126, 32, 'Free Size', 'Xanh', 9, 3201, '2019-10-07 15:16:23', NULL),
(127, 32, 'Free Size', 'Đỏ', 8, 3202, '2019-10-07 15:16:23', NULL),
(128, 32, 'Free Size', 'Hồng', 6, 3203, '2019-10-07 15:16:23', NULL),
(129, 33, 'Free Size', 'Trắng', 7, 3301, '2019-10-07 15:30:34', NULL),
(130, 33, 'Free Size', 'Đen', 6, 3302, '2019-10-07 15:30:34', NULL),
(131, 34, '80', 'Trắng', 1, 3401, '2019-10-07 15:42:07', NULL),
(132, 35, '80', 'Đỏ', 1, 3501, '2019-10-07 15:43:51', NULL),
(133, 35, '90', 'Đỏ', 1, 3502, '2019-10-07 15:43:51', NULL),
(134, 35, '100', 'Đỏ', 0, 3503, '2019-10-07 15:43:51', NULL),
(135, 35, '110', 'Đỏ', 1, 3504, '2019-10-07 15:43:51', NULL),
(136, 35, '80', 'Hồng', 0, 3505, '2019-10-07 15:43:51', NULL),
(137, 35, '90', 'Hồng', 2, 3506, '2019-10-07 15:43:51', NULL),
(138, 35, '100', 'Hồng', 0, 3507, '2019-10-07 15:43:51', NULL),
(139, 35, '110', 'Hồng', 2, 3508, '2019-10-07 15:43:51', NULL),
(140, 35, '80', 'Đen', 0, 3509, '2019-10-07 15:43:51', NULL),
(141, 35, '90', 'Đen', 1, 3510, '2019-10-07 15:43:51', NULL),
(142, 35, '100', 'Đen', 1, 3511, '2019-10-07 15:43:51', NULL),
(143, 35, '110', 'Đen', 0, 3512, '2019-10-07 15:43:51', NULL),
(144, 36, '80', 'Trắng', 1, 3601, '2019-10-07 15:48:00', NULL),
(145, 37, '90', 'Xanh', 1, 3701, '2019-10-07 15:48:00', NULL),
(146, 37, '110', 'Xanh', 1, 3702, '2019-10-07 15:48:00', NULL),
(147, 37, '120', 'Xanh', 1, 3703, '2019-10-07 15:48:00', NULL),
(148, 38, '90', 'Trắng', 5, 3801, '2019-10-07 15:58:12', NULL),
(149, 38, '100', 'Trắng', 3, 3802, '2019-10-07 15:58:12', NULL),
(150, 38, '110', 'Trắng', 1, 3803, '2019-10-07 15:58:12', NULL),
(151, 38, '120', 'Trắng', 3, 3804, '2019-10-07 15:58:12', NULL),
(152, 38, '130', 'Trắng', 2, 3805, '2019-10-07 15:58:12', NULL),
(153, 39, '90', 'Trắng', 0, 3901, '2019-10-07 15:58:12', NULL),
(154, 39, '100', 'Trắng', 1, 3902, '2019-10-07 15:58:12', NULL),
(155, 39, '110', 'Trắng', 1, 3903, '2019-10-07 15:58:12', NULL),
(156, 39, '120', 'Trắng', 1, 3904, '2019-10-07 15:58:12', NULL),
(157, 39, '130', 'Trắng', 1, 3905, '2019-10-07 15:58:12', NULL),
(158, 40, '120', 'Đỏ', 1, 4001, '2019-10-07 15:59:30', NULL),
(159, 41, '90', 'Trắng', 4, 4101, '2019-10-07 16:00:41', NULL),
(160, 41, '100', 'Trắng', 2, 4102, '2019-10-07 16:00:41', NULL),
(161, 41, '110', 'Trắng', 5, 4103, '2019-10-07 16:00:41', NULL),
(162, 41, '120', 'Trắng', 3, 4104, '2019-10-07 16:00:41', NULL),
(163, 41, '130', 'Trắng', 2, 4105, '2019-10-07 16:00:41', NULL),
(164, 42, '110', 'Xanh', 0, 4201, '2019-10-07 16:16:27', NULL),
(165, 42, '120', 'Xanh', 1, 4202, '2019-10-07 16:16:27', NULL),
(166, 42, '130', 'Xanh', 1, 4203, '2019-10-07 16:16:27', NULL),
(167, 42, '110', 'Hồng', 1, 4204, '2019-10-07 16:16:27', NULL),
(168, 42, '120', 'Hồng', 1, 4205, '2019-10-07 16:16:27', NULL),
(169, 42, '130', 'Hồng', 1, 4206, '2019-10-07 16:16:27', NULL),
(170, 43, '130', 'Hồng', 1, 4301, '2019-10-07 16:16:27', NULL),
(171, 44, '80', 'Đỏ', 1, 4401, '2019-10-07 16:24:05', NULL),
(172, 44, '90', 'Đỏ', 3, 4402, '2019-10-07 16:24:05', NULL),
(173, 44, '100', 'Đỏ', 0, 4403, '2019-10-07 16:24:05', NULL),
(174, 44, '110', 'Đỏ', 0, 4404, '2019-10-07 16:24:05', NULL),
(175, 45, '80', 'Trắng', 1, 4501, '2019-10-07 16:24:05', NULL),
(176, 45, '90', 'Trắng', 0, 4502, '2019-10-07 16:24:05', NULL),
(177, 45, '100', 'Trắng', 0, 4503, '2019-10-07 16:24:05', NULL),
(178, 45, '110', 'Trắng', 0, 4504, '2019-10-07 16:24:05', NULL),
(179, 45, '80', 'Tím', 0, 4505, '2019-10-07 16:24:05', NULL),
(180, 45, '90', 'Tím', 0, 4506, '2019-10-07 16:24:05', NULL),
(181, 45, '100', 'Tím', 0, 4507, '2019-10-07 16:24:05', NULL),
(182, 45, '110', 'Tím', 1, 4508, '2019-10-07 16:24:05', NULL),
(183, 46, '100', 'Xanh', 1, 4601, '2019-10-08 10:11:17', NULL),
(184, 46, '110', 'Xanh', 1, 4602, '2019-10-08 10:11:17', NULL),
(185, 46, '120', 'Xanh', 1, 4603, '2019-10-08 10:11:17', NULL),
(186, 46, '130', 'Xanh', 1, 4604, '2019-10-08 10:11:17', NULL),
(187, 46, '140', 'Xanh', 1, 4605, '2019-10-08 10:11:17', NULL),
(188, 47, '100', 'Tím', 1, 4701, '2019-10-08 10:19:19', NULL),
(189, 47, '110', 'Tím', 1, 4702, '2019-10-08 10:19:19', NULL),
(190, 47, '120', 'Tím', 1, 4703, '2019-10-08 10:19:19', NULL),
(191, 47, '130', 'Tím', 1, 4704, '2019-10-08 10:19:19', NULL),
(192, 47, '140', 'Tím', 1, 4705, '2019-10-08 10:19:19', NULL),
(193, 47, '100', 'Vàng', 1, 4706, '2019-10-08 10:19:19', NULL),
(194, 47, '110', 'Vàng', 1, 4707, '2019-10-08 10:19:19', NULL),
(195, 47, '120', 'Vàng', 1, 4708, '2019-10-08 10:19:19', NULL),
(196, 47, '130', 'Vàng', 1, 4709, '2019-10-08 10:19:19', NULL),
(197, 47, '140', 'Vàng', 1, 4710, '2019-10-08 10:19:19', NULL),
(198, 48, '100', 'Đen', 1, 4801, '2019-10-08 10:24:27', NULL),
(199, 48, '110', 'Đen', 1, 4802, '2019-10-08 10:24:27', NULL),
(200, 48, '120', 'Đen', 1, 4803, '2019-10-08 10:24:27', NULL),
(201, 48, '130', 'Đen', 1, 4804, '2019-10-08 10:24:27', NULL),
(202, 48, '140', 'Đen', 1, 4805, '2019-10-08 10:24:27', NULL),
(203, 46, '100', 'Nâu', 1, 4606, '2019-10-08 10:30:30', NULL),
(204, 49, '100', 'Đen', 1, 4901, '2019-10-08 10:35:24', NULL),
(205, 49, '110', 'Đen', 1, 4902, '2019-10-08 10:35:24', NULL),
(206, 49, '120', 'Đen', 1, 4903, '2019-10-08 10:35:24', NULL),
(207, 49, '130', 'Đen', 1, 4904, '2019-10-08 10:35:24', NULL),
(208, 49, '140', 'Đen', 1, 4905, '2019-10-08 10:35:24', NULL),
(209, 46, '110', 'Nâu', 1, 4607, '2019-10-08 10:37:41', NULL),
(210, 46, '120', 'Nâu', 1, 4608, '2019-10-08 10:37:57', NULL),
(211, 46, '130', 'Nâu', 1, 4609, '2019-10-08 10:38:21', NULL),
(212, 46, '140', 'Nâu', 1, 4610, '2019-10-08 10:38:36', NULL),
(213, 46, '100', 'Hồng', 1, 4611, '2019-10-08 10:38:55', NULL),
(214, 46, '120', 'Hồng', 1, 4612, '2019-10-08 10:39:06', NULL),
(215, 46, '130', 'Hồng', 1, 4613, '2019-10-08 10:39:22', NULL),
(216, 46, '140', 'Hồng', 1, 4614, '2019-10-08 10:39:42', NULL),
(217, 46, '110', 'Hồng', 1, 4615, '2019-10-08 10:40:16', NULL),
(218, 50, 'Free Size', 'Đen', 3, 5001, '2019-10-08 11:15:34', NULL),
(219, 51, 'Free Size', 'Trắng', 4, 5101, '2019-10-08 11:38:22', NULL),
(220, 52, 'Free Size', 'Đen', 2, 5201, '2019-10-08 11:39:47', NULL),
(221, 53, 'Free Size', 'Đen', 3, 5301, '2019-10-08 11:41:26', NULL),
(222, 54, 'Free Size', 'Đen', 3, 5401, '2019-10-08 11:42:30', NULL),
(223, 55, 'Free Size', 'Đen', 5, 5501, '2019-10-08 14:50:07', NULL),
(224, 56, 'Free Size', 'Hồng', 5, 5601, '2019-10-08 14:52:01', NULL),
(225, 57, 'Free Size', 'Hồng', 5, 5701, '2019-10-08 14:53:13', NULL),
(226, 58, 'Free Size', 'Đen', 4, 5801, '2019-10-08 14:54:14', NULL),
(227, 59, 'Free Size', 'Đen', 6, 5901, '2019-10-08 14:55:22', NULL),
(228, 60, 'Free Size', 'Xám', 6, 6001, '2019-10-08 14:57:23', NULL),
(229, 61, '100', 'Xanh', 1, 6101, '2019-10-08 15:16:02', NULL),
(230, 61, '110', 'Xanh', 1, 6102, '2019-10-08 15:16:02', NULL),
(231, 61, '120', 'Xanh', 1, 6103, '2019-10-08 15:16:02', NULL),
(232, 61, '130', 'Xanh', 1, 6104, '2019-10-08 15:16:02', NULL),
(233, 61, '140', 'Xanh', 1, 6105, '2019-10-08 15:16:02', NULL),
(234, 61, '100', 'Hồng', 1, 6106, '2019-10-08 15:16:02', NULL),
(235, 61, '110', 'Hồng', 1, 6107, '2019-10-08 15:16:02', NULL),
(236, 61, '120', 'Hồng', 1, 6108, '2019-10-08 15:16:02', NULL),
(237, 61, '130', 'Hồng', 1, 6109, '2019-10-08 15:16:02', NULL),
(238, 61, '140', 'Hồng', 1, 6110, '2019-10-08 15:16:02', NULL),
(239, 62, '100', 'Xanh', 1, 6201, '2019-10-08 15:17:14', NULL),
(240, 62, '110', 'Xanh', 1, 6202, '2019-10-08 15:17:14', NULL),
(241, 62, '120', 'Xanh', 1, 6203, '2019-10-08 15:17:14', NULL),
(242, 62, '130', 'Xanh', 1, 6204, '2019-10-08 15:17:14', NULL),
(243, 62, '140', 'Xanh', 1, 6205, '2019-10-08 15:17:14', NULL),
(244, 62, '100', 'Xám', 1, 6206, '2019-10-08 15:17:14', NULL),
(245, 62, '110', 'Xám', 1, 6207, '2019-10-08 15:17:14', NULL),
(246, 62, '120', 'Xám', 1, 6208, '2019-10-08 15:17:14', NULL),
(247, 62, '130', 'Xám', 1, 6209, '2019-10-08 15:17:14', NULL),
(248, 62, '140', 'Xám', 1, 6210, '2019-10-08 15:17:14', NULL),
(250, 66, '90', 'Trắng', 1, 6601, '2019-10-12 12:27:08', NULL),
(251, 66, '100', 'Trắng', 1, 6602, '2019-10-12 12:27:08', NULL),
(252, 66, '110', 'Trắng', 1, 6603, '2019-10-12 12:27:08', NULL),
(253, 66, '120', 'Trắng', 1, 6604, '2019-10-12 12:27:08', NULL),
(254, 66, '130', 'Trắng', 1, 6605, '2019-10-12 12:27:08', NULL),
(255, 67, '90', 'Xanh', 1, 6701, '2019-10-12 12:27:08', NULL),
(256, 67, '100', 'Xanh', 0, 6702, '2019-10-12 12:27:08', NULL),
(257, 67, '110', 'Xanh', 1, 6703, '2019-10-12 12:27:08', NULL),
(258, 67, '120', 'Xanh', 1, 6704, '2019-10-12 12:27:08', NULL),
(259, 67, '130', 'Xanh', 1, 6705, '2019-10-12 12:27:08', NULL),
(260, 68, '110', 'Xanh', 1, 6801, '2019-10-12 12:28:57', NULL),
(261, 68, '120', 'Xanh', 1, 6802, '2019-10-12 12:28:57', NULL),
(262, 68, '130', 'Xanh', 1, 6803, '2019-10-12 12:28:57', NULL),
(263, 69, '100', 'Xanh', 1, 6901, '2019-10-12 12:28:57', NULL),
(264, 69, '130', 'Xanh', 1, 6902, '2019-10-12 12:28:57', NULL),
(265, 70, '90', 'Hồng', 1, 7001, '2019-10-12 12:31:39', NULL),
(266, 70, '100', 'Hồng', 1, 7002, '2019-10-12 12:31:39', NULL),
(267, 70, '110', 'Hồng', 1, 7003, '2019-10-12 12:31:39', NULL),
(268, 70, '120', 'Hồng', 1, 7004, '2019-10-12 12:31:39', NULL),
(269, 70, '130', 'Hồng', 1, 7005, '2019-10-12 12:31:39', NULL),
(270, 71, '90', 'Trắng', 1, 7101, '2019-10-12 12:31:39', NULL),
(271, 71, '100', 'Trắng', 1, 7102, '2019-10-12 12:31:39', NULL),
(272, 71, '110', 'Trắng', 1, 7103, '2019-10-12 12:31:39', NULL),
(273, 71, '120', 'Trắng', 1, 7104, '2019-10-12 12:31:39', NULL),
(274, 71, '130', 'Trắng', 0, 7105, '2019-10-12 12:31:39', NULL),
(275, 72, '90', 'Đen', 1, 7201, '2019-10-12 12:33:16', NULL),
(276, 72, '100', 'Đen', 0, 7202, '2019-10-12 12:33:16', NULL),
(277, 72, '110', 'Đen', 1, 7203, '2019-10-12 12:33:16', NULL),
(278, 72, '120', 'Đen', 1, 7204, '2019-10-12 12:33:16', NULL),
(279, 72, '130', 'Đen', 1, 7205, '2019-10-12 12:33:16', NULL),
(280, 73, '90', 'Trắng', 1, 7301, '2019-10-12 12:33:16', NULL),
(281, 73, '100', 'Trắng', 1, 7302, '2019-10-12 12:33:16', NULL),
(282, 73, '110', 'Trắng', 1, 7303, '2019-10-12 12:33:16', NULL),
(283, 73, '120', 'Trắng', 1, 7304, '2019-10-12 12:33:16', NULL),
(284, 73, '130', 'Trắng', 1, 7305, '2019-10-12 12:33:16', NULL),
(285, 75, '73', 'Đen', 1, 7501, '2019-10-16 12:38:31', NULL),
(286, 75, '80', 'Đen', 1, 7502, '2019-10-16 12:38:31', NULL),
(287, 79, '80', 'Hồng', 2, 7901, '2019-10-16 12:53:38', NULL),
(288, 79, '90', 'Hồng', 2, 7902, '2019-10-16 12:53:38', NULL),
(289, 79, '100', 'Hồng', 2, 7903, '2019-10-16 12:53:38', NULL),
(290, 79, '110', 'Hồng', 2, 7904, '2019-10-16 12:53:38', NULL),
(291, 79, '120', 'Hồng', 3, 7905, '2019-10-16 12:53:38', NULL),
(292, 80, '90', 'Hồng', 3, 8001, '2019-10-16 12:54:53', NULL),
(293, 80, '100', 'Hồng', 3, 8002, '2019-10-16 12:54:53', NULL),
(294, 80, '110', 'Hồng', 3, 8003, '2019-10-16 12:54:53', NULL),
(295, 80, '120', 'Hồng', 3, 8004, '2019-10-16 12:54:53', NULL),
(296, 80, '130', 'Hồng', 3, 8005, '2019-10-16 12:54:53', NULL),
(297, 81, '90', 'Trắng', 1, 8101, '2019-10-16 13:00:12', NULL),
(298, 81, '100', 'Trắng', 1, 8102, '2019-10-16 13:00:12', NULL),
(299, 81, '110', 'Trắng', 3, 8103, '2019-10-16 13:00:12', NULL),
(300, 81, '120', 'Trắng', 2, 8104, '2019-10-16 13:00:12', NULL),
(301, 81, '130', 'Trắng', 3, 8105, '2019-10-16 13:00:12', NULL),
(302, 82, '90', 'Trắng', 1, 8201, '2019-10-16 13:00:12', NULL),
(303, 82, '100', 'Trắng', 2, 8202, '2019-10-16 13:00:12', NULL),
(304, 82, '110', 'Trắng', 1, 8203, '2019-10-16 13:00:12', NULL),
(305, 82, '120', 'Trắng', 2, 8204, '2019-10-16 13:00:12', NULL),
(306, 82, '130', 'Trắng', 0, 8205, '2019-10-16 13:00:12', NULL),
(307, 83, '90', 'Trắng', 1, 8301, '2019-10-16 13:03:21', NULL),
(308, 84, '90', 'Hồng', 2, 8401, '2019-10-16 13:03:21', NULL),
(309, 84, '100', 'Hồng', 0, 8402, '2019-10-16 13:03:21', NULL),
(310, 84, '110', 'Hồng', 2, 8403, '2019-10-16 13:03:21', NULL),
(311, 84, '120', 'Hồng', 2, 8404, '2019-10-16 13:03:21', NULL),
(312, 84, '130', 'Hồng', 2, 8405, '2019-10-16 13:03:21', NULL),
(313, 85, '90', 'Hồng', 1, 8501, '2019-10-16 13:05:50', NULL),
(314, 85, '100', 'Hồng', 2, 8502, '2019-10-16 13:05:50', NULL),
(315, 85, '110', 'Hồng', 1, 8503, '2019-10-16 13:05:50', NULL),
(316, 85, '120', 'Hồng', 1, 8504, '2019-10-16 13:05:50', NULL),
(317, 85, '130', 'Hồng', 2, 8505, '2019-10-16 13:05:50', NULL),
(318, 86, '90', 'Hồng', 2, 8601, '2019-10-16 13:05:50', NULL),
(319, 86, '100', 'Hồng', 1, 8602, '2019-10-16 13:05:50', NULL),
(320, 86, '110', 'Hồng', 0, 8603, '2019-10-16 13:05:50', NULL),
(321, 86, '120', 'Hồng', 2, 8604, '2019-10-16 13:05:50', NULL),
(322, 86, '130', 'Hồng', 1, 8605, '2019-10-16 13:05:50', NULL),
(323, 87, '90', 'Hồng', 2, 8701, '2019-10-16 13:08:52', NULL),
(324, 87, '100', 'Hồng', 1, 8702, '2019-10-16 13:08:52', NULL),
(325, 87, '110', 'Hồng', 1, 8703, '2019-10-16 13:08:52', NULL),
(326, 87, '120', 'Hồng', 2, 8704, '2019-10-16 13:08:52', NULL),
(327, 87, '130', 'Hồng', 2, 8705, '2019-10-16 13:08:52', NULL),
(328, 88, '80', 'Xanh', 2, 8801, '2019-10-16 13:08:52', NULL),
(329, 88, '90', 'Xanh', 1, 8802, '2019-10-16 13:08:52', NULL),
(330, 88, '100', 'Xanh', 2, 8803, '2019-10-16 13:08:52', NULL),
(331, 88, '110', 'Xanh', 0, 8804, '2019-10-16 13:08:52', NULL),
(332, 89, '80', 'Trắng', 2, 8901, '2019-10-16 13:17:02', NULL),
(333, 89, '90', 'Trắng', 0, 8902, '2019-10-16 13:17:02', NULL),
(334, 89, '100', 'Trắng', 2, 8903, '2019-10-16 13:17:02', NULL),
(335, 89, '110', 'Trắng', 2, 8904, '2019-10-16 13:17:02', NULL),
(336, 90, '80', 'Xanh', 0, 9001, '2019-10-16 13:17:02', NULL),
(337, 90, '90', 'Xanh', 1, 9002, '2019-10-16 13:17:02', NULL),
(338, 90, '100', 'Xanh', 1, 9003, '2019-10-16 13:17:02', NULL),
(339, 90, '110', 'Xanh', 2, 9004, '2019-10-16 13:17:02', NULL),
(340, 91, '80', 'Trắng', 2, 9101, '2019-10-16 13:21:03', NULL),
(341, 91, '90', 'Trắng', 1, 9102, '2019-10-16 13:21:03', NULL),
(342, 91, '100', 'Trắng', 1, 9103, '2019-10-16 13:21:03', NULL),
(343, 91, '110', 'Trắng', 0, 9104, '2019-10-16 13:21:03', NULL),
(344, 92, '80', 'Trắng', 1, 9201, '2019-10-16 13:21:03', NULL),
(345, 92, '90', 'Trắng', 0, 9202, '2019-10-16 13:21:03', NULL),
(346, 92, '100', 'Trắng', 1, 9203, '2019-10-16 13:21:03', NULL),
(347, 92, '110', 'Trắng', 2, 9204, '2019-10-16 13:21:03', NULL),
(348, 93, '110', 'Đen', 4, 9301, '2019-10-16 13:26:17', NULL),
(349, 93, '120', 'Đen', 1, 9302, '2019-10-16 13:26:17', NULL),
(350, 93, '130', 'Đen', 3, 9303, '2019-10-16 13:26:17', NULL),
(351, 93, '140', 'Đen', 3, 9304, '2019-10-16 13:26:17', NULL),
(352, 94, '110', 'Xanh', 1, 9401, '2019-10-16 13:26:17', NULL),
(353, 94, '120', 'Xanh', 2, 9402, '2019-10-16 13:26:17', NULL),
(354, 94, '130', 'Xanh', 2, 9403, '2019-10-16 13:26:17', NULL),
(355, 94, '140', 'Xanh', 2, 9404, '2019-10-16 13:26:17', NULL),
(356, 94, '150', 'Xanh', 2, 9405, '2019-10-16 13:26:17', NULL),
(357, 94, '160', 'Xanh', 1, 9406, '2019-10-16 13:26:17', NULL),
(358, 95, '110', 'Trắng', 2, 9501, '2019-10-16 13:32:04', NULL),
(359, 95, '120', 'Trắng', 1, 9502, '2019-10-16 13:32:04', NULL),
(360, 95, '130', 'Trắng', 0, 9503, '2019-10-16 13:32:04', NULL),
(361, 95, '140', 'Trắng', 0, 9504, '2019-10-16 13:32:04', NULL),
(362, 95, '150', 'Trắng', 0, 9505, '2019-10-16 13:32:04', NULL),
(363, 95, '160', 'Trắng', 1, 9506, '2019-10-16 13:32:04', NULL),
(364, 96, '110', 'Trắng', 2, 9601, '2019-10-16 13:32:04', NULL),
(365, 97, '110', 'Trắng', 1, 9701, '2019-10-16 13:35:43', NULL),
(366, 97, '120', 'Trắng', 0, 9702, '2019-10-16 13:35:43', NULL),
(367, 97, '130', 'Trắng', 0, 9703, '2019-10-16 13:35:43', NULL),
(368, 97, '140', 'Trắng', 0, 9704, '2019-10-16 13:35:43', NULL),
(369, 97, '150', 'Trắng', 1, 9705, '2019-10-16 13:35:43', NULL),
(370, 97, '160', 'Trắng', 1, 9706, '2019-10-16 13:35:43', NULL),
(371, 98, '110', 'Trắng', 1, 9801, '2019-10-16 13:35:43', NULL),
(372, 98, '120', 'Trắng', 1, 9802, '2019-10-16 13:35:43', NULL),
(373, 98, '130', 'Trắng', 0, 9803, '2019-10-16 13:35:43', NULL),
(374, 98, '140', 'Trắng', 1, 9804, '2019-10-16 13:35:43', NULL),
(375, 98, '150', 'Trắng', 2, 9805, '2019-10-16 13:35:43', NULL),
(376, 98, '160', 'Trắng', 1, 9806, '2019-10-16 13:35:43', NULL),
(377, 99, '110', 'Đỏ', 2, 9901, '2019-10-16 13:38:13', NULL),
(378, 99, '120', 'Đỏ', 1, 9902, '2019-10-16 13:38:13', NULL),
(379, 99, '130', 'Đỏ', 0, 9903, '2019-10-16 13:38:13', NULL),
(380, 99, '140', 'Đỏ', 2, 9904, '2019-10-16 13:38:13', NULL),
(381, 99, '150', 'Đỏ', 2, 9905, '2019-10-16 13:38:13', NULL),
(382, 99, '160', 'Đỏ', 1, 9906, '2019-10-16 13:38:13', NULL),
(383, 100, 'Free Size', 'Tím', 2, 10001, '2019-10-16 13:41:58', NULL),
(384, 100, 'Free Size', 'Đen', 2, 10002, '2019-10-16 13:41:58', NULL),
(385, 101, 'Free Size', 'Trắng', 3, 10101, '2019-10-16 13:41:58', NULL),
(386, 101, 'Free Size', 'Đen', 3, 10102, '2019-10-16 13:41:58', NULL),
(387, 102, 'Free Size', 'Đỏ', 2, 10201, '2019-10-16 13:44:05', NULL),
(388, 103, 'Free Size', 'Trắng', 1, 10301, '2019-10-16 13:44:05', NULL),
(389, 104, '80', 'Trắng', 3, 10401, '2019-10-16 13:47:13', NULL),
(390, 104, '90', 'Trắng', 3, 10402, '2019-10-16 13:47:13', NULL),
(391, 104, '100', 'Trắng', 3, 10403, '2019-10-16 13:47:13', NULL),
(392, 104, '110', 'Trắng', 3, 10404, '2019-10-16 13:47:13', NULL),
(393, 104, '120', 'Trắng', 3, 10405, '2019-10-16 13:47:13', NULL),
(394, 104, '130', 'Trắng', 3, 10406, '2019-10-16 13:47:13', NULL),
(395, 104, '140', 'Trắng', 3, 10407, '2019-10-16 13:47:13', NULL),
(396, 104, '150', 'Trắng', 3, 10408, '2019-10-16 13:47:13', NULL),
(397, 104, '160', 'Trắng', 3, 10409, '2019-10-16 13:47:13', NULL),
(398, 104, '80', 'Đen', 3, 10410, '2019-10-16 13:47:13', NULL),
(399, 104, '90', 'Đen', 3, 10411, '2019-10-16 13:47:13', NULL),
(400, 104, '100', 'Đen', 3, 10412, '2019-10-16 13:47:13', NULL),
(401, 104, '110', 'Đen', 3, 10413, '2019-10-16 13:47:13', NULL),
(402, 104, '120', 'Đen', 3, 10414, '2019-10-16 13:47:13', NULL),
(403, 104, '130', 'Đen', 3, 10415, '2019-10-16 13:47:13', NULL),
(404, 104, '140', 'Đen', 3, 10416, '2019-10-16 13:47:13', NULL),
(405, 104, '150', 'Đen', 3, 10417, '2019-10-16 13:47:13', NULL),
(406, 104, '160', 'Đen', 3, 10418, '2019-10-16 13:47:13', NULL),
(407, 105, '80', 'Trắng', 2, 10501, '2019-10-16 13:47:13', NULL),
(408, 105, '90', 'Trắng', 2, 10502, '2019-10-16 13:47:13', NULL),
(409, 105, '100', 'Trắng', 2, 10503, '2019-10-16 13:47:13', NULL),
(410, 105, '80', 'Đen', 1, 10504, '2019-10-16 13:47:13', NULL),
(411, 105, '90', 'Đen', 2, 10505, '2019-10-16 13:47:13', NULL),
(412, 105, '100', 'Đen', 0, 10506, '2019-10-16 13:47:13', NULL),
(413, 106, '110', 'Trắng', 1, 10601, '2019-10-16 13:51:23', NULL),
(414, 106, '120', 'Trắng', 0, 10602, '2019-10-16 13:51:23', NULL),
(415, 106, '130', 'Trắng', 1, 10603, '2019-10-16 13:51:23', NULL),
(416, 106, '140', 'Trắng', 0, 10604, '2019-10-16 13:51:23', NULL),
(417, 106, '150', 'Trắng', 2, 10605, '2019-10-16 13:51:23', NULL),
(418, 106, '160', 'Trắng', 2, 10606, '2019-10-16 13:51:23', NULL),
(419, 107, '110', 'Kem', 2, 10701, '2019-10-16 13:51:23', NULL),
(420, 107, '120', 'Kem', 2, 10702, '2019-10-16 13:51:23', NULL),
(421, 107, '130', 'Kem', 2, 10703, '2019-10-16 13:51:23', NULL),
(422, 107, '140', 'Kem', 3, 10704, '2019-10-16 13:51:23', NULL),
(423, 107, '150', 'Kem', 0, 10705, '2019-10-16 13:51:23', NULL),
(424, 107, '160', 'Kem', 1, 10706, '2019-10-16 13:51:23', NULL),
(425, 108, '110', 'Trắng', 4, 10801, '2019-10-17 14:42:18', NULL),
(426, 108, '120', 'Trắng', 4, 10802, '2019-10-17 14:42:18', NULL),
(427, 108, '130', 'Trắng', 5, 10803, '2019-10-17 14:42:18', NULL),
(428, 108, '140', 'Trắng', 5, 10804, '2019-10-17 14:42:18', NULL),
(429, 108, '150', 'Trắng', 1, 10805, '2019-10-17 14:42:18', NULL),
(430, 108, '160', 'Trắng', 2, 10806, '2019-10-17 14:42:18', NULL),
(431, 109, '90', 'Trắng', 3, 10901, '2019-10-17 14:42:18', NULL),
(432, 109, '100', 'Trắng', 3, 10902, '2019-10-17 14:42:18', NULL),
(433, 109, '110', 'Trắng', 1, 10903, '2019-10-17 14:42:18', NULL),
(434, 109, '120', 'Trắng', 3, 10904, '2019-10-17 14:42:18', NULL),
(435, 109, '130', 'Trắng', 2, 10905, '2019-10-17 14:42:18', NULL),
(436, 110, '80', 'Trắng', 0, 11001, '2019-10-17 14:50:27', NULL),
(437, 110, '90', 'Trắng', 1, 11002, '2019-10-17 14:50:27', NULL),
(438, 110, '100', 'Trắng', 1, 11003, '2019-10-17 14:50:27', NULL),
(439, 110, '110', 'Trắng', 2, 11004, '2019-10-17 14:50:27', NULL),
(440, 110, '120', 'Trắng', 5, 11005, '2019-10-17 14:50:27', NULL),
(441, 110, '130', 'Trắng', 3, 11006, '2019-10-17 14:50:27', NULL),
(442, 111, '120', 'Trắng', 1, 11101, '2019-10-17 14:50:27', NULL),
(443, 112, '80', 'Vàng', 1, 11201, '2019-10-17 14:52:48', NULL),
(444, 113, '120', 'Xanh', 1, 11301, '2019-10-17 14:52:48', NULL),
(445, 114, '90', 'Xanh', 1, 11401, '2019-10-17 14:55:42', NULL),
(446, 115, '80', 'Vàng', 1, 11501, '2019-10-17 14:55:42', NULL),
(447, 115, '90', 'Vàng', 1, 11502, '2019-10-17 14:55:42', NULL),
(448, 116, '100', 'Trắng', 1, 11601, '2019-10-17 14:58:45', NULL),
(449, 116, '110', 'Trắng', 1, 11602, '2019-10-17 14:58:45', NULL),
(450, 116, '120', 'Trắng', 1, 11603, '2019-10-17 14:58:45', NULL),
(451, 117, '90', 'Trắng', 1, 11701, '2019-10-17 14:58:45', NULL),
(452, 117, '100', 'Trắng', 1, 11702, '2019-10-17 14:58:45', NULL),
(453, 117, '110', 'Trắng', 1, 11703, '2019-10-17 14:58:45', NULL),
(454, 117, '120', 'Trắng', 1, 11704, '2019-10-17 14:58:45', NULL),
(455, 118, '110', 'Hồng', 1, 11801, '2019-10-17 15:01:14', NULL),
(456, 118, '120', 'Hồng', 1, 11802, '2019-10-17 15:01:14', NULL),
(457, 118, '130', 'Hồng', 1, 11803, '2019-10-17 15:01:14', NULL),
(458, 118, '140', 'Hồng', 1, 11804, '2019-10-17 15:01:14', NULL),
(459, 118, '150', 'Hồng', 1, 11805, '2019-10-17 15:01:14', NULL),
(460, 118, '110', 'Đen', 1, 11806, '2019-10-17 15:01:14', NULL),
(461, 118, '120', 'Đen', 1, 11807, '2019-10-17 15:01:14', NULL),
(462, 118, '130', 'Đen', 1, 11808, '2019-10-17 15:01:14', NULL),
(463, 118, '140', 'Đen', 1, 11809, '2019-10-17 15:01:14', NULL),
(464, 118, '150', 'Đen', 1, 11810, '2019-10-17 15:01:14', NULL),
(465, 119, '90', 'Trắng', 1, 11901, '2019-10-17 15:01:14', NULL),
(466, 119, '100', 'Trắng', 1, 11902, '2019-10-17 15:01:14', NULL),
(467, 119, '110', 'Trắng', 1, 11903, '2019-10-17 15:01:14', NULL),
(468, 119, '120', 'Trắng', 1, 11904, '2019-10-17 15:01:14', NULL),
(469, 119, '130', 'Trắng', 1, 11905, '2019-10-17 15:01:14', NULL),
(470, 119, '140', 'Trắng', 1, 11906, '2019-10-17 15:01:14', NULL),
(471, 119, '150', 'Trắng', 1, 11907, '2019-10-17 15:01:14', NULL),
(472, 119, '160', 'Trắng', 1, 11908, '2019-10-17 15:01:14', NULL),
(473, 120, '90', 'Trắng', 1, 12001, '2019-10-17 15:02:47', NULL),
(474, 120, '100', 'Trắng', 1, 12002, '2019-10-17 15:02:47', NULL),
(475, 120, '110', 'Trắng', 1, 12003, '2019-10-17 15:02:47', NULL),
(476, 120, '120', 'Trắng', 1, 12004, '2019-10-17 15:02:47', NULL),
(477, 120, '130', 'Trắng', 1, 12005, '2019-10-17 15:02:47', NULL),
(478, 120, '140', 'Trắng', 1, 12006, '2019-10-17 15:02:47', NULL),
(479, 120, '150', 'Trắng', 1, 12007, '2019-10-17 15:02:47', NULL),
(480, 120, '160', 'Trắng', 1, 12008, '2019-10-17 15:02:47', NULL),
(481, 121, '90', 'Hồng', 0, 12101, '2019-10-17 15:18:01', NULL),
(482, 121, '100', 'Hồng', 1, 12102, '2019-10-17 15:18:01', NULL),
(483, 121, '110', 'Hồng', 1, 12103, '2019-10-17 15:18:01', NULL),
(484, 121, '120', 'Hồng', 1, 12104, '2019-10-17 15:18:01', NULL),
(485, 121, '130', 'Hồng', 0, 12105, '2019-10-17 15:18:01', NULL),
(486, 122, '80', 'Trắng', 1, 12201, '2019-10-17 15:18:01', NULL),
(487, 122, '90', 'Trắng', 1, 12202, '2019-10-17 15:18:01', NULL),
(488, 122, '100', 'Trắng', 1, 12203, '2019-10-17 15:18:01', NULL),
(489, 122, '80', 'Đen', 1, 12204, '2019-10-17 15:18:01', NULL),
(490, 122, '90', 'Đen', 0, 12205, '2019-10-17 15:18:01', NULL),
(491, 122, '100', 'Đen', 1, 12206, '2019-10-17 15:18:01', NULL),
(492, 122, '80', 'Nâu', 1, 12207, '2019-10-17 15:18:01', NULL),
(493, 122, '90', 'Nâu', 0, 12208, '2019-10-17 15:18:01', NULL),
(494, 122, '100', 'Nâu', 1, 12209, '2019-10-17 15:18:01', NULL),
(495, 123, '90', 'Tím', 0, 12301, '2019-10-17 15:21:52', NULL),
(496, 123, '100', 'Tím', 1, 12302, '2019-10-17 15:21:52', NULL),
(497, 123, '110', 'Tím', 1, 12303, '2019-10-17 15:21:52', NULL),
(498, 123, '120', 'Tím', 1, 12304, '2019-10-17 15:21:52', NULL),
(499, 123, '130', 'Tím', 1, 12305, '2019-10-17 15:21:52', NULL),
(500, 124, '90', 'Tím', 0, 12401, '2019-10-17 15:21:52', NULL),
(501, 124, '100', 'Tím', 1, 12402, '2019-10-17 15:21:52', NULL),
(502, 124, '110', 'Tím', 1, 12403, '2019-10-17 15:21:52', NULL),
(503, 124, '120', 'Tím', 1, 12404, '2019-10-17 15:21:52', NULL),
(504, 124, '130', 'Tím', 1, 12405, '2019-10-17 15:21:52', NULL),
(505, 125, 'Free Size', 'Hồng', 2, 12501, '2019-10-19 18:09:48', NULL),
(506, 126, 'Free Size', 'Hồng', 1, 12601, '2019-10-19 18:11:59', NULL),
(507, 127, 'Free Size', 'Hồng', 1, 12701, '2019-10-19 18:13:22', NULL),
(508, 128, 'Free Size', 'Trắng', 1, 12801, '2019-10-19 18:15:06', NULL),
(509, 129, 'Free Size', 'Hồng', 1, 12901, '2019-10-19 18:16:10', NULL),
(510, 130, 'Free Size', 'Vàng', 1, 13001, '2019-10-19 18:18:08', NULL),
(511, 131, 'Free Size', 'Vàng', 3, 13101, '2019-10-19 18:20:11', NULL),
(512, 132, 'Free Size', 'Vàng', 3, 13201, '2019-10-19 18:21:16', NULL),
(513, 133, 'Free Size', 'Hồng', 1, 13301, '2019-10-19 18:23:06', NULL),
(514, 134, 'Free Size', 'Hồng', 1, 13401, '2019-10-19 18:25:26', NULL),
(515, 135, 'Free Size', 'Đỏ', 1, 13501, '2019-10-19 18:26:55', NULL),
(516, 135, 'Free Size', 'Hồng', 1, 13502, '2019-10-19 18:26:55', NULL),
(517, 135, 'Free Size', 'Đen', 1, 13503, '2019-10-19 18:26:55', NULL),
(518, 136, 'Free Size', 'Vàng', 1, 13601, '2019-10-19 18:29:08', NULL),
(519, 136, 'Free Size', 'Hồng', 1, 13602, '2019-10-19 18:29:08', NULL),
(520, 136, 'Free Size', 'Đen', 1, 13603, '2019-10-19 18:29:08', NULL),
(521, 137, 'Free Size', 'Xanh', 1, 13701, '2019-10-19 18:31:58', NULL),
(522, 137, 'Free Size', 'Vàng', 1, 13702, '2019-10-19 18:31:58', NULL),
(523, 137, 'Free Size', 'Đen', 1, 13703, '2019-10-19 18:31:58', NULL),
(524, 138, 'Free Size', 'Xanh', 1, 13801, '2019-10-19 18:33:05', NULL),
(525, 138, 'Free Size', 'Đỏ', 1, 13802, '2019-10-19 18:33:05', NULL),
(526, 138, 'Free Size', 'Vàng', 1, 13803, '2019-10-19 18:33:05', NULL),
(527, 134, 'Free Size', 'Đen', 1, 13402, '2019-10-19 18:34:01', NULL),
(528, 134, 'Free Size', 'Vàng', 1, 13403, '2019-10-19 18:34:18', NULL),
(529, 133, 'Free Size', 'Đen', 1, 13302, '2019-10-19 18:35:49', NULL),
(530, 133, 'Free Size', 'Bạc', 1, 13303, '2019-10-19 18:36:49', NULL),
(531, 130, 'Free Size', 'Hồng', 1, 13002, '2019-10-19 18:37:53', NULL),
(532, 130, 'Free Size', 'Đen', 1, 13003, '2019-10-19 18:38:04', NULL),
(533, 129, 'Free Size', 'Vàng', 1, 12902, '2019-10-19 18:38:30', NULL),
(534, 129, 'Free Size', 'Đỏ', 1, 12903, '2019-10-19 18:38:40', NULL),
(535, 129, 'Free Size', 'Đen', 1, 12904, '2019-10-19 18:38:49', NULL),
(536, 128, 'Free Size', 'Vàng', 1, 12802, '2019-10-19 18:39:25', NULL),
(537, 128, 'Free Size', 'Hồng', 1, 12803, '2019-10-19 18:39:34', NULL),
(538, 127, 'Free Size', 'Đỏ', 1, 12702, '2019-10-19 18:39:58', NULL),
(539, 127, 'Free Size', 'Xanh', 1, 12703, '2019-10-19 18:40:05', NULL),
(540, 126, 'Free Size', 'Trắng', 1, 12602, '2019-10-19 18:41:03', NULL),
(541, 126, 'Free Size', 'Đen', 1, 12603, '2019-10-19 18:41:11', NULL),
(542, 125, 'Free Size', 'Đỏ', 1, 12502, '2019-10-19 18:41:41', NULL),
(543, 139, '100', 'Hồng', 0, 13901, '2019-10-19 19:54:24', NULL),
(544, 139, '110', 'Hồng', 0, 13902, '2019-10-19 19:54:24', NULL),
(545, 139, '120', 'Hồng', 0, 13903, '2019-10-19 19:54:24', NULL),
(546, 139, '130', 'Hồng', 0, 13904, '2019-10-19 19:54:24', NULL),
(547, 139, '140', 'Hồng', 0, 13905, '2019-10-19 19:54:24', NULL),
(548, 140, '110', 'Hồng', 0, 14001, '2019-10-19 19:55:27', NULL),
(549, 140, '120', 'Hồng', 1, 14002, '2019-10-19 19:55:27', NULL),
(550, 140, '130', 'Hồng', 1, 14003, '2019-10-19 19:55:27', NULL),
(551, 140, '140', 'Hồng', 1, 14004, '2019-10-19 19:55:27', NULL),
(552, 141, '110', 'Trắng', 1, 14101, '2019-11-02 13:09:08', NULL),
(553, 141, '140', 'Trắng', 1, 14102, '2019-11-02 13:09:08', NULL),
(554, 141, '110', 'Hồng', 1, 14103, '2019-11-02 13:09:08', NULL),
(555, 141, '140', 'Hồng', 1, 14104, '2019-11-02 13:09:08', NULL),
(556, 142, '110', 'Hồng', 2, 14201, '2019-11-02 13:09:08', NULL),
(557, 143, '100', 'Đỏ', 1, 14301, '2019-11-02 13:11:11', NULL),
(558, 143, '110', 'Đỏ', 1, 14302, '2019-11-02 13:11:11', NULL),
(559, 143, '100', 'Hồng', 1, 14303, '2019-11-02 13:11:11', NULL),
(560, 143, '110', 'Hồng', 1, 14304, '2019-11-02 13:11:11', NULL),
(561, 144, '100', 'Đỏ', 1, 14401, '2019-11-02 13:11:11', NULL),
(562, 144, '110', 'Đỏ', 1, 14402, '2019-11-02 13:11:11', NULL),
(563, 144, '100', 'Hồng', 1, 14403, '2019-11-02 13:11:11', NULL),
(564, 144, '110', 'Hồng', 1, 14404, '2019-11-02 13:11:11', NULL),
(565, 145, '110', 'Xanh', 1, 14501, '2019-11-02 13:14:10', NULL),
(566, 145, '120', 'Xanh', 1, 14502, '2019-11-02 13:14:10', NULL),
(567, 145, '130', 'Xanh', 1, 14503, '2019-11-02 13:14:10', NULL),
(568, 145, '140', 'Xanh', 1, 14504, '2019-11-02 13:14:10', NULL),
(569, 145, '150', 'Xanh', 1, 14505, '2019-11-02 13:14:10', NULL),
(570, 145, '160', 'Xanh', 1, 14506, '2019-11-02 13:14:10', NULL),
(571, 146, '120', 'Đỏ', 1, 14601, '2019-11-02 13:14:10', NULL),
(572, 146, '130', 'Đỏ', 1, 14602, '2019-11-02 13:14:10', NULL),
(573, 147, '110', 'Xanh', 0, 14701, '2019-11-02 13:16:44', NULL),
(574, 147, '120', 'Xanh', 1, 14702, '2019-11-02 13:16:44', NULL),
(575, 147, '130', 'Xanh', 1, 14703, '2019-11-02 13:16:44', NULL),
(576, 147, '140', 'Xanh', 1, 14704, '2019-11-02 13:16:44', NULL),
(577, 147, '150', 'Xanh', 1, 14705, '2019-11-02 13:16:44', NULL),
(578, 147, '160', 'Xanh', 1, 14706, '2019-11-02 13:16:44', NULL),
(579, 148, '130', 'Xanh', 1, 14801, '2019-11-02 13:16:44', NULL),
(580, 148, '140', 'Xanh', 1, 14802, '2019-11-02 13:16:44', NULL),
(581, 148, '150', 'Xanh', 1, 14803, '2019-11-02 13:16:44', NULL),
(582, 148, '160', 'Xanh', 1, 14804, '2019-11-02 13:16:44', NULL),
(583, 149, '120', 'Hồng', 1, 14901, '2019-11-02 13:19:45', NULL),
(584, 149, '130', 'Hồng', 1, 14902, '2019-11-02 13:19:45', NULL),
(585, 149, '140', 'Hồng', 1, 14903, '2019-11-02 13:19:45', NULL),
(586, 149, '150', 'Hồng', 1, 14904, '2019-11-02 13:19:45', NULL),
(587, 149, '160', 'Hồng', 1, 14905, '2019-11-02 13:19:45', NULL),
(588, 150, '110', 'Hồng', 1, 15001, '2019-11-02 13:19:45', NULL),
(589, 150, '120', 'Hồng', 1, 15002, '2019-11-02 13:19:45', NULL),
(590, 150, '130', 'Hồng', 1, 15003, '2019-11-02 13:19:45', NULL),
(591, 150, '140', 'Hồng', 1, 15004, '2019-11-02 13:19:45', NULL),
(592, 150, '150', 'Hồng', 1, 15005, '2019-11-02 13:19:45', NULL),
(593, 151, '110', 'Đỏ', 1, 15101, '2019-11-02 13:22:04', NULL),
(594, 151, '120', 'Đỏ', 1, 15102, '2019-11-02 13:22:04', NULL),
(595, 151, '130', 'Đỏ', 1, 15103, '2019-11-02 13:22:04', NULL),
(596, 151, '140', 'Đỏ', 1, 15104, '2019-11-02 13:22:04', NULL),
(597, 151, '150', 'Đỏ', 1, 15105, '2019-11-02 13:22:04', NULL),
(598, 151, '160', 'Đỏ', 1, 15106, '2019-11-02 13:22:04', NULL),
(599, 152, '110', 'Hồng', 1, 15201, '2019-11-02 13:22:04', NULL),
(600, 152, '120', 'Hồng', 0, 15202, '2019-11-02 13:22:04', NULL),
(601, 152, '130', 'Hồng', 1, 15203, '2019-11-02 13:22:04', NULL),
(602, 152, '140', 'Hồng', 1, 15204, '2019-11-02 13:22:04', NULL),
(603, 152, '150', 'Hồng', 0, 15205, '2019-11-02 13:22:04', NULL),
(604, 153, '80', 'Xanh', 0, 15301, '2019-11-02 13:24:19', NULL),
(605, 153, '90', 'Xanh', 1, 15302, '2019-11-02 13:24:19', NULL),
(606, 153, '100', 'Xanh', 1, 15303, '2019-11-02 13:24:19', NULL),
(607, 153, '110', 'Xanh', 1, 15304, '2019-11-02 13:24:19', NULL),
(608, 154, '80', 'Xanh', 1, 15401, '2019-11-02 13:24:19', NULL),
(609, 154, '90', 'Xanh', 1, 15402, '2019-11-02 13:24:19', NULL),
(610, 154, '100', 'Xanh', 1, 15403, '2019-11-02 13:24:19', NULL),
(611, 154, '110', 'Xanh', 1, 15404, '2019-11-02 13:24:19', NULL),
(615, 155, '110', 'Trắng', 1, 15504, '2019-11-02 13:26:05', NULL),
(616, 156, '80', 'Vàng', 1, 15601, '2019-11-02 13:26:05', NULL),
(617, 156, '90', 'Vàng', 1, 15602, '2019-11-02 13:26:05', NULL),
(618, 156, '100', 'Vàng', 0, 15603, '2019-11-02 13:26:05', NULL),
(619, 156, '110', 'Vàng', 0, 15604, '2019-11-02 13:26:05', NULL),
(620, 157, '80', 'Xanh', 0, 15701, '2019-11-02 13:28:14', NULL),
(621, 157, '90', 'Xanh', 1, 15702, '2019-11-02 13:28:14', NULL),
(622, 157, '100', 'Xanh', 1, 15703, '2019-11-02 13:28:14', NULL),
(623, 157, '110', 'Xanh', 1, 15704, '2019-11-02 13:28:14', NULL),
(624, 158, '80', 'Vàng', 1, 15801, '2019-11-02 13:28:14', NULL),
(625, 158, '90', 'Vàng', 1, 15802, '2019-11-02 13:28:14', NULL),
(626, 158, '100', 'Vàng', 1, 15803, '2019-11-02 13:28:14', NULL),
(627, 158, '110', 'Vàng', 1, 15804, '2019-11-02 13:28:14', NULL),
(628, 158, '120', 'Vàng', 1, 15805, '2019-11-02 13:28:14', NULL),
(629, 159, '80', 'Hồng', 1, 15901, '2019-11-02 13:29:59', NULL),
(630, 159, '90', 'Hồng', 1, 15902, '2019-11-02 13:29:59', NULL),
(631, 159, '100', 'Hồng', 1, 15903, '2019-11-02 13:29:59', NULL),
(632, 159, '110', 'Hồng', 1, 15904, '2019-11-02 13:29:59', NULL),
(633, 159, '120', 'Hồng', 1, 15905, '2019-11-02 13:29:59', NULL),
(634, 160, '80', 'Hồng', 1, 16001, '2019-11-02 13:29:59', NULL),
(635, 160, '90', 'Hồng', 1, 16002, '2019-11-02 13:29:59', NULL),
(636, 160, '100', 'Hồng', 1, 16003, '2019-11-02 13:29:59', NULL),
(637, 160, '110', 'Hồng', 0, 16004, '2019-11-02 13:29:59', NULL),
(638, 161, '90', 'Hồng', 1, 16101, '2019-11-02 13:32:14', NULL),
(639, 161, '100', 'Hồng', 1, 16102, '2019-11-02 13:32:14', NULL),
(640, 161, '110', 'Hồng', 1, 16103, '2019-11-02 13:32:14', NULL),
(641, 161, '120', 'Hồng', 1, 16104, '2019-11-02 13:32:14', NULL),
(642, 161, '130', 'Hồng', 1, 16105, '2019-11-02 13:32:14', NULL),
(643, 161, '140', 'Hồng', 1, 16106, '2019-11-02 13:32:14', NULL),
(644, 162, '80', 'Xanh', 1, 16201, '2019-11-02 13:32:14', NULL),
(645, 162, '90', 'Xanh', 1, 16202, '2019-11-02 13:32:14', NULL),
(646, 162, '100', 'Xanh', 1, 16203, '2019-11-02 13:32:14', NULL),
(647, 162, '110', 'Xanh', 1, 16204, '2019-11-02 13:32:14', NULL),
(648, 163, '80', 'Hồng', 0, 16301, '2019-11-02 13:33:11', NULL),
(649, 163, '90', 'Hồng', 0, 16302, '2019-11-02 13:33:11', NULL),
(650, 163, '100', 'Hồng', 1, 16303, '2019-11-02 13:33:11', NULL),
(651, 163, '110', 'Hồng', 1, 16304, '2019-11-02 13:33:11', NULL),
(652, 164, '73', 'Hồng', 1, 16401, '2019-11-14 11:32:22', NULL),
(653, 164, '80', 'Hồng', 2, 16402, '2019-11-14 11:32:22', NULL),
(654, 164, '90', 'Hồng', 1, 16403, '2019-11-14 11:32:22', NULL),
(655, 164, '100', 'Hồng', 2, 16404, '2019-11-14 11:32:22', NULL),
(656, 164, '110', 'Hồng', 2, 16405, '2019-11-14 11:32:22', NULL),
(657, 164, '120', 'Hồng', 2, 16406, '2019-11-14 11:32:22', NULL),
(658, 165, '73', 'Vàng', 1, 16501, '2019-11-14 11:33:07', NULL),
(659, 165, '80', 'Vàng', 0, 16502, '2019-11-14 11:33:07', NULL),
(660, 166, '60', 'Xám', 2, 16601, '2019-11-14 11:34:46', NULL),
(661, 166, '73', 'Xám', 2, 16602, '2019-11-14 11:34:46', NULL),
(662, 166, '80', 'Xám', 2, 16603, '2019-11-14 11:34:46', NULL),
(663, 166, '60', 'Hồng', 1, 16604, '2019-11-14 11:34:46', NULL),
(664, 166, '73', 'Hồng', 2, 16605, '2019-11-14 11:34:46', NULL),
(665, 166, '80', 'Hồng', 1, 16606, '2019-11-14 11:34:46', NULL),
(666, 167, 'Free Size', 'Xanh', 1, 16701, '2019-11-14 11:36:02', NULL),
(667, 167, 'Free Size', 'Vàng', 1, 16702, '2019-11-14 11:36:02', NULL),
(668, 167, 'Free Size', 'Hồng', 1, 16703, '2019-11-14 11:36:02', NULL),
(669, 168, 'Free Size', 'Xanh', 1, 16801, '2019-11-14 11:37:54', NULL),
(670, 168, 'Free Size', 'Vàng', 1, 16802, '2019-11-14 11:37:54', NULL),
(671, 168, 'Free Size', 'Hồng', 1, 16803, '2019-11-14 11:37:54', NULL),
(672, 169, '73', 'Xanh', 2, 16901, '2019-11-14 11:42:23', NULL),
(673, 169, '73', 'Vàng', 2, 16902, '2019-11-14 11:42:23', NULL),
(674, 169, '73', 'Hồng', 2, 16903, '2019-11-14 11:42:23', NULL),
(675, 170, '80', 'Xanh', 2, 17001, '2019-11-14 11:42:23', NULL),
(676, 170, '80', 'Vàng', 2, 17002, '2019-11-14 11:42:23', NULL),
(677, 170, '80', 'Hồng', 2, 17003, '2019-11-14 11:42:23', NULL),
(678, 171, '90', 'Xanh', 2, 17101, '2019-11-14 11:44:07', NULL),
(679, 171, '90', 'Vàng', -1, 17102, '2019-11-14 11:44:07', NULL),
(680, 171, '90', 'Hồng', 2, 17103, '2019-11-14 11:44:07', NULL),
(681, 172, '100', 'Xanh', 2, 17201, '2019-11-14 11:44:07', NULL),
(682, 172, '100', 'Vàng', 2, 17202, '2019-11-14 11:44:07', NULL),
(683, 172, '100', 'Hồng', 2, 17203, '2019-11-14 11:44:07', NULL),
(684, 173, '80', 'Đỏ', 0, 17301, '2019-11-14 11:45:30', NULL),
(685, 173, '80', 'Xám', 0, 17302, '2019-11-14 11:45:30', NULL),
(686, 173, '80', 'Hồng', 1, 17303, '2019-11-14 11:45:30', NULL),
(687, 173, '80', 'Đen', 2, 17304, '2019-11-14 11:45:30', NULL),
(688, 174, '73', 'Xanh', 2, 17401, '2019-11-14 11:49:14', NULL),
(689, 174, '80', 'Xanh', 2, 17402, '2019-11-14 11:49:14', NULL),
(690, 174, '90', 'Xanh', 1, 17403, '2019-11-14 11:49:14', NULL),
(691, 174, '100', 'Xanh', 2, 17404, '2019-11-14 11:49:14', NULL),
(692, 174, '110', 'Xanh', 2, 17405, '2019-11-14 11:49:14', NULL),
(693, 174, '120', 'Xanh', 2, 17406, '2019-11-14 11:49:14', NULL),
(694, 174, '73', 'Hồng', 0, 17407, '2019-11-14 11:49:14', NULL),
(695, 174, '80', 'Hồng', 2, 17408, '2019-11-14 11:49:14', NULL),
(696, 174, '90', 'Hồng', 1, 17409, '2019-11-14 11:49:14', NULL),
(697, 174, '100', 'Hồng', 2, 17410, '2019-11-14 11:49:14', NULL),
(698, 174, '110', 'Hồng', 2, 17411, '2019-11-14 11:49:14', NULL),
(699, 174, '120', 'Hồng', 1, 17412, '2019-11-14 11:49:14', NULL),
(700, 175, 'Free Size', 'Hồng', 10, 17501, '2019-11-14 11:50:17', NULL),
(701, 176, 'Free Size', 'Hồng', 9, 17601, '2019-11-14 11:52:12', NULL),
(703, 177, '90', 'Đen', 2, 17702, '2019-11-14 11:53:22', NULL),
(704, 177, '3m', 'Đen', 2, 17703, '2019-11-14 11:53:22', NULL),
(705, 177, '6m', 'Đen', 1, 17704, '2019-11-14 11:53:22', NULL),
(706, 177, '9m', 'Đen', 1, 17705, '2019-11-14 11:53:22', NULL),
(707, 178, '90', 'Xanh', 0, 17801, '2019-11-21 11:57:27', NULL),
(708, 178, '100', 'Xanh', 1, 17802, '2019-11-21 11:57:27', NULL),
(709, 178, '110', 'Xanh', 1, 17803, '2019-11-21 11:57:27', NULL),
(710, 178, '120', 'Xanh', 1, 17804, '2019-11-21 11:57:27', NULL),
(711, 178, '130', 'Xanh', 1, 17805, '2019-11-21 11:57:27', NULL),
(712, 178, '90', 'Nâu', 1, 17806, '2019-11-21 11:57:27', NULL),
(713, 178, '100', 'Nâu', 1, 17807, '2019-11-21 11:57:27', NULL),
(714, 178, '110', 'Nâu', 1, 17808, '2019-11-21 11:57:27', NULL),
(715, 178, '120', 'Nâu', 1, 17809, '2019-11-21 11:57:27', NULL),
(716, 178, '130', 'Nâu', 1, 17810, '2019-11-21 11:57:27', NULL),
(717, 178, '90', 'Kem', 1, 17811, '2019-11-21 11:57:27', NULL),
(718, 178, '100', 'Kem', 1, 17812, '2019-11-21 11:57:27', NULL),
(719, 178, '110', 'Kem', 1, 17813, '2019-11-21 11:57:27', NULL),
(720, 178, '120', 'Kem', 1, 17814, '2019-11-21 11:57:27', NULL),
(721, 178, '130', 'Kem', 1, 17815, '2019-11-21 11:57:27', NULL),
(722, 179, '90', 'Trắng', 1, 17901, '2019-11-21 12:14:21', NULL),
(723, 179, '100', 'Trắng', 1, 17902, '2019-11-21 12:14:21', NULL),
(724, 179, '110', 'Trắng', 1, 17903, '2019-11-21 12:14:21', NULL),
(725, 179, '120', 'Trắng', 1, 17904, '2019-11-21 12:14:21', NULL),
(726, 179, '130', 'Trắng', 1, 17905, '2019-11-21 12:14:21', NULL),
(727, 179, '140', 'Trắng', 1, 17906, '2019-11-21 12:14:21', NULL),
(728, 179, '150', 'Trắng', 1, 17907, '2019-11-21 12:14:21', NULL),
(730, 180, '90', 'Trắng', 1, 18001, '2019-11-21 12:14:21', NULL),
(731, 180, '100', 'Trắng', 1, 18002, '2019-11-21 12:14:21', NULL),
(732, 180, '110', 'Trắng', 1, 18003, '2019-11-21 12:14:21', NULL),
(733, 180, '120', 'Trắng', 1, 18004, '2019-11-21 12:14:21', NULL),
(734, 180, '130', 'Trắng', 1, 18005, '2019-11-21 12:14:21', NULL),
(735, 180, '140', 'Trắng', 1, 18006, '2019-11-21 12:14:21', NULL),
(736, 180, '150', 'Trắng', 1, 18007, '2019-11-21 12:14:21', NULL),
(738, 181, '90', 'Xanh', 2, 18101, '2019-11-21 14:12:56', NULL),
(739, 181, '100', 'Xanh', 2, 18102, '2019-11-21 14:12:56', NULL),
(740, 181, '110', 'Xanh', 2, 18103, '2019-11-21 14:12:56', NULL),
(741, 181, '120', 'Xanh', 2, 18104, '2019-11-21 14:12:56', NULL),
(742, 181, '130', 'Xanh', 2, 18105, '2019-11-21 14:12:56', NULL),
(743, 182, 'Free Size', 'Hồng', 1, 18201, '2019-11-21 14:20:21', NULL),
(744, 183, '120', 'Xanh', 0, 18301, '2019-11-21 17:54:51', NULL),
(745, 183, '130', 'Xanh', 1, 18302, '2019-11-21 17:54:51', NULL),
(746, 183, '140', 'Xanh', 0, 18303, '2019-11-21 17:54:51', NULL),
(747, 183, '150', 'Xanh', 0, 18304, '2019-11-21 17:54:51', NULL),
(748, 183, '160', 'Xanh', 1, 18305, '2019-11-21 17:54:51', NULL),
(749, 183, '120', 'Cam', 1, 18306, '2019-11-21 17:54:51', NULL),
(750, 183, '130', 'Cam', 0, 18307, '2019-11-21 17:54:51', NULL),
(751, 183, '140', 'Cam', 1, 18308, '2019-11-21 17:54:51', NULL),
(752, 183, '150', 'Cam', 1, 18309, '2019-11-21 17:54:51', NULL),
(753, 183, '160', 'Cam', 1, 18310, '2019-11-21 17:54:51', NULL),
(754, 184, '120', 'Xám', 1, 18401, '2019-11-21 18:03:25', NULL),
(755, 184, '130', 'Xám', 0, 18402, '2019-11-21 18:03:25', NULL),
(756, 184, '140', 'Xám', 0, 18403, '2019-11-21 18:03:25', NULL),
(757, 184, '150', 'Xám', 1, 18404, '2019-11-21 18:03:25', NULL),
(758, 184, '160', 'Xám', 1, 18405, '2019-11-21 18:03:25', NULL),
(759, 185, '110', 'Xanh', 1, 18501, '2019-11-21 18:10:29', NULL),
(760, 185, '120', 'Xanh', 1, 18502, '2019-11-21 18:10:29', NULL),
(761, 185, '130', 'Xanh', 0, 18503, '2019-11-21 18:10:29', NULL),
(762, 185, '140', 'Xanh', 0, 18504, '2019-11-21 18:10:29', NULL),
(763, 185, '150', 'Xanh', 1, 18505, '2019-11-21 18:10:29', NULL),
(764, 185, '110', 'Vàng', 1, 18506, '2019-11-21 18:10:29', NULL),
(765, 185, '120', 'Vàng', 0, 18507, '2019-11-21 18:10:29', NULL),
(766, 185, '130', 'Vàng', 0, 18508, '2019-11-21 18:10:29', NULL),
(767, 185, '140', 'Vàng', 1, 18509, '2019-11-21 18:10:29', NULL),
(768, 185, '150', 'Vàng', 1, 18510, '2019-11-21 18:10:29', NULL),
(769, 186, '110', 'Xanh', 1, 18601, '2019-11-21 18:20:27', NULL),
(770, 186, '120', 'Xanh', 0, 18602, '2019-11-21 18:20:27', NULL),
(771, 186, '130', 'Xanh', 0, 18603, '2019-11-21 18:20:27', NULL),
(772, 186, '140', 'Xanh', 1, 18604, '2019-11-21 18:20:27', NULL),
(773, 186, '150', 'Xanh', 1, 18605, '2019-11-21 18:20:27', NULL),
(774, 186, '160', 'Xanh', 0, 18606, '2019-11-21 18:20:27', NULL),
(775, 186, '110', 'Vàng', 0, 18607, '2019-11-21 18:20:27', NULL),
(776, 186, '120', 'Vàng', 0, 18608, '2019-11-21 18:20:27', NULL),
(777, 186, '130', 'Vàng', 0, 18609, '2019-11-21 18:20:27', NULL),
(778, 186, '140', 'Vàng', 0, 18610, '2019-11-21 18:20:27', NULL),
(779, 186, '150', 'Vàng', 0, 18611, '2019-11-21 18:20:27', NULL),
(780, 186, '160', 'Vàng', 0, 18612, '2019-11-21 18:20:27', NULL),
(781, 187, '100', 'Đen', 1, 18701, '2019-11-21 18:25:41', NULL),
(782, 187, '110', 'Đen', 1, 18702, '2019-11-21 18:25:41', NULL),
(783, 187, '120', 'Đen', 1, 18703, '2019-11-21 18:25:41', NULL),
(784, 187, '130', 'Đen', 1, 18704, '2019-11-21 18:25:41', NULL),
(785, 187, '140', 'Đen', 1, 18705, '2019-11-21 18:25:41', NULL),
(786, 187, '150', 'Đen', 1, 18706, '2019-11-21 18:25:41', NULL),
(787, 188, '90', 'Đen', 1, 18801, '2019-11-21 18:27:05', NULL),
(788, 188, '100', 'Đen', 1, 18802, '2019-11-21 18:27:05', NULL),
(789, 188, '110', 'Đen', 1, 18803, '2019-11-21 18:27:05', NULL),
(790, 188, '120', 'Đen', 1, 18804, '2019-11-21 18:27:05', NULL),
(791, 188, '130', 'Đen', 1, 18805, '2019-11-21 18:27:05', NULL),
(792, 188, '140', 'Đen', 1, 18806, '2019-11-21 18:27:05', NULL),
(793, 188, '150', 'Đen', 1, 18807, '2019-11-21 18:27:05', NULL),
(794, 189, '110', 'Hồng', 1, 18901, '2019-11-21 18:31:59', NULL),
(795, 189, '120', 'Hồng', 1, 18902, '2019-11-21 18:31:59', NULL),
(796, 189, '130', 'Hồng', 1, 18903, '2019-11-21 18:31:59', NULL),
(797, 189, '140', 'Hồng', 1, 18904, '2019-11-21 18:31:59', NULL),
(798, 189, '150', 'Hồng', 1, 18905, '2019-11-21 18:31:59', NULL),
(799, 189, '110', 'Đen', 0, 18906, '2019-11-21 18:31:59', NULL),
(800, 189, '120', 'Đen', 1, 18907, '2019-11-21 18:31:59', NULL),
(801, 189, '130', 'Đen', 1, 18908, '2019-11-21 18:31:59', NULL);
INSERT INTO `smi_variations` (`id`, `product_id`, `size`, `color`, `quantity`, `sku`, `created_at`, `updated_at`) VALUES
(802, 189, '140', 'Đen', 1, 18909, '2019-11-21 18:31:59', NULL),
(803, 189, '150', 'Đen', 1, 18910, '2019-11-21 18:31:59', NULL),
(804, 190, '90', 'Trắng', 1, 19001, '2019-11-21 18:36:08', NULL),
(805, 190, '100', 'Trắng', 1, 19002, '2019-11-21 18:36:08', NULL),
(806, 190, '110', 'Trắng', 1, 19003, '2019-11-21 18:36:08', NULL),
(807, 190, '120', 'Trắng', 1, 19004, '2019-11-21 18:36:08', NULL),
(808, 191, '90', 'Kẻ', 1, 19101, '2019-11-21 18:38:03', NULL),
(809, 191, '100', 'Kẻ', 1, 19102, '2019-11-21 18:38:03', NULL),
(810, 191, '110', 'Kẻ', 1, 19103, '2019-11-21 18:38:03', NULL),
(811, 191, '120', 'Kẻ', 1, 19104, '2019-11-21 18:38:03', NULL),
(812, 192, '100', 'Xanh', 1, 19201, '2019-11-21 18:47:11', NULL),
(813, 192, '110', 'Xanh', 1, 19202, '2019-11-21 18:47:11', NULL),
(814, 192, '120', 'Xanh', 1, 19203, '2019-11-21 18:47:11', NULL),
(815, 192, '130', 'Xanh', 1, 19204, '2019-11-21 18:47:11', NULL),
(816, 192, '140', 'Xanh', 1, 19205, '2019-11-21 18:47:11', NULL),
(817, 193, '100', 'Xanh', 1, 19301, '2019-11-21 18:47:11', NULL),
(818, 193, '110', 'Xanh', 1, 19302, '2019-11-21 18:47:11', NULL),
(819, 193, '120', 'Xanh', 1, 19303, '2019-11-21 18:47:11', NULL),
(820, 193, '130', 'Xanh', 1, 19304, '2019-11-21 18:47:11', NULL),
(821, 193, '140', 'Xanh', 1, 19305, '2019-11-21 18:47:11', NULL),
(822, 193, '150', 'Xanh', 1, 19306, '2019-11-21 18:47:11', NULL),
(823, 194, '100', 'Xanh', 0, 19401, '2019-11-21 18:52:44', NULL),
(824, 194, '110', 'Xanh', 0, 19402, '2019-11-21 18:52:44', NULL),
(825, 194, '120', 'Xanh', 1, 19403, '2019-11-21 18:52:44', NULL),
(826, 194, '130', 'Xanh', 0, 19404, '2019-11-21 18:52:44', NULL),
(827, 194, '140', 'Xanh', 1, 19405, '2019-11-21 18:52:44', NULL),
(828, 194, '150', 'Xanh', 0, 19406, '2019-11-21 18:52:44', NULL),
(829, 195, '100', 'Xanh', 1, 19501, '2019-11-21 18:52:44', NULL),
(830, 195, '110', 'Xanh', 1, 19502, '2019-11-21 18:52:44', NULL),
(831, 195, '120', 'Xanh', 1, 19503, '2019-11-21 18:52:44', NULL),
(832, 195, '130', 'Xanh', 1, 19504, '2019-11-21 18:52:44', NULL),
(833, 195, '140', 'Xanh', 1, 19505, '2019-11-21 18:52:44', NULL),
(834, 195, '150', 'Xanh', 1, 19506, '2019-11-21 18:52:44', NULL),
(835, 196, '100', 'Xanh', 1, 19601, '2019-11-21 18:55:43', NULL),
(836, 196, '110', 'Xanh', 0, 19602, '2019-11-21 18:55:43', NULL),
(837, 196, '120', 'Xanh', 0, 19603, '2019-11-21 18:55:43', NULL),
(838, 196, '130', 'Xanh', 1, 19604, '2019-11-21 18:55:43', NULL),
(839, 196, '140', 'Xanh', 1, 19605, '2019-11-21 18:55:43', NULL),
(840, 196, '150', 'Xanh', 1, 19606, '2019-11-21 18:55:43', NULL),
(841, 197, '100', 'Xanh', 1, 19701, '2019-11-21 18:55:43', NULL),
(842, 197, '110', 'Xanh', 1, 19702, '2019-11-21 18:55:43', NULL),
(843, 197, '120', 'Xanh', 1, 19703, '2019-11-21 18:55:43', NULL),
(844, 197, '130', 'Xanh', 1, 19704, '2019-11-21 18:55:43', NULL),
(845, 197, '140', 'Xanh', 1, 19705, '2019-11-21 18:55:43', NULL),
(846, 197, '150', 'Xanh', 0, 19706, '2019-11-21 18:55:43', NULL),
(847, 198, '90', 'Hồng', 1, 19801, '2019-11-22 15:32:42', NULL),
(848, 198, '100', 'Hồng', 0, 19802, '2019-11-22 15:32:42', NULL),
(849, 198, '110', 'Hồng', 2, 19803, '2019-11-22 15:32:42', NULL),
(850, 198, '120', 'Hồng', 2, 19804, '2019-11-22 15:32:42', NULL),
(851, 198, '130', 'Hồng', 2, 19805, '2019-11-22 15:32:42', NULL),
(852, 199, '110', 'Hồng', 2, 19901, '2019-11-22 15:46:52', NULL),
(853, 199, '120', 'Hồng', 2, 19902, '2019-11-22 15:46:52', NULL),
(854, 199, '140', 'Hồng', 2, 19903, '2019-11-22 15:46:52', NULL),
(855, 200, '90', 'Xanh', 2, 20001, '2019-11-22 15:46:52', NULL),
(856, 200, '100', 'Xanh', 2, 20002, '2019-11-22 15:46:52', NULL),
(857, 200, '110', 'Xanh', 2, 20003, '2019-11-22 15:46:52', NULL),
(858, 200, '120', 'Xanh', 2, 20004, '2019-11-22 15:46:52', NULL),
(859, 200, '130', 'Xanh', 2, 20005, '2019-11-22 15:46:52', NULL),
(860, 200, '140', 'Xanh', 2, 20006, '2019-11-22 15:46:52', NULL),
(861, 201, '110', 'Đỏ', 1, 20101, '2019-11-22 15:59:31', NULL),
(862, 201, '120', 'Đỏ', 2, 20102, '2019-11-22 15:59:31', NULL),
(863, 201, '130', 'Đỏ', 2, 20103, '2019-11-22 15:59:31', NULL),
(864, 201, '140', 'Đỏ', 2, 20104, '2019-11-22 15:59:31', NULL),
(865, 202, '110', 'Hồng', 2, 20201, '2019-11-22 15:59:31', NULL),
(866, 202, '120', 'Hồng', 2, 20202, '2019-11-22 15:59:31', NULL),
(867, 202, '130', 'Hồng', 2, 20203, '2019-11-22 15:59:31', NULL),
(868, 202, '140', 'Hồng', 2, 20204, '2019-11-22 15:59:31', NULL),
(869, 203, '100', 'Hồng', 2, 20301, '2019-11-22 17:15:52', NULL),
(870, 203, '110', 'Hồng', 2, 20302, '2019-11-22 17:15:52', NULL),
(871, 203, '120', 'Hồng', 2, 20303, '2019-11-22 17:15:52', NULL),
(872, 203, '130', 'Hồng', 2, 20304, '2019-11-22 17:15:52', NULL),
(873, 204, '100', 'Xanh', 1, 20401, '2019-11-22 17:58:43', NULL),
(874, 204, '110', 'Xanh', 1, 20402, '2019-11-22 17:58:43', NULL),
(875, 204, '120', 'Xanh', 1, 20403, '2019-11-22 17:58:43', NULL),
(876, 204, '130', 'Xanh', 1, 20404, '2019-11-22 17:58:43', NULL),
(877, 204, '140', 'Xanh', 0, 20405, '2019-11-22 17:58:43', NULL),
(878, 204, '150', 'Xanh', 1, 20406, '2019-11-22 17:58:43', NULL),
(879, 205, '110', 'Trắng', 1, 20501, '2019-11-22 18:20:30', NULL),
(880, 205, '120', 'Trắng', 1, 20502, '2019-11-22 18:20:30', NULL),
(881, 205, '130', 'Trắng', 1, 20503, '2019-11-22 18:20:30', NULL),
(882, 205, '140', 'Trắng', 1, 20504, '2019-11-22 18:20:30', NULL),
(883, 205, '150', 'Trắng', 1, 20505, '2019-11-22 18:20:30', NULL),
(884, 205, '110', 'Đen', 1, 20506, '2019-11-22 18:20:30', NULL),
(885, 205, '120', 'Đen', 1, 20507, '2019-11-22 18:20:30', NULL),
(886, 205, '130', 'Đen', 1, 20508, '2019-11-22 18:20:30', NULL),
(887, 205, '140', 'Đen', 1, 20509, '2019-11-22 18:20:30', NULL),
(888, 205, '150', 'Đen', 1, 20510, '2019-11-22 18:20:30', NULL),
(889, 206, '100', 'Đen', 2, 20601, '2019-11-22 18:37:33', NULL),
(890, 206, '110', 'Đen', 4, 20602, '2019-11-22 18:37:33', NULL),
(891, 206, '120', 'Đen', 2, 20603, '2019-11-22 18:37:33', NULL),
(892, 206, '130', 'Đen', 2, 20604, '2019-11-22 18:37:33', NULL),
(893, 206, '140', 'Đen', 3, 20605, '2019-11-22 18:37:33', NULL),
(894, 206, '150', 'Đen', 1, 20606, '2019-11-22 18:37:33', NULL),
(895, 206, '160', 'Đen', 2, 20607, '2019-11-22 18:37:33', NULL),
(896, 207, '80', 'Trắng', 0, 20701, '2019-11-22 19:10:46', NULL),
(897, 207, '90', 'Trắng', 2, 20702, '2019-11-22 19:10:46', NULL),
(898, 207, '100', 'Trắng', 0, 20703, '2019-11-22 19:10:46', NULL),
(899, 207, '110', 'Trắng', 0, 20704, '2019-11-22 19:10:46', NULL),
(900, 207, '120', 'Trắng', 1, 20705, '2019-11-22 19:10:46', NULL),
(901, 207, '130', 'Trắng', 1, 20706, '2019-11-22 19:10:46', NULL),
(902, 207, '80', 'Đỏ', 0, 20707, '2019-11-22 19:10:46', NULL),
(903, 207, '90', 'Đỏ', 1, 20708, '2019-11-22 19:10:46', NULL),
(904, 207, '100', 'Đỏ', 1, 20709, '2019-11-22 19:10:46', NULL),
(905, 207, '110', 'Đỏ', 0, 20710, '2019-11-22 19:10:46', NULL),
(906, 207, '120', 'Đỏ', 0, 20711, '2019-11-22 19:10:46', NULL),
(907, 207, '130', 'Đỏ', 0, 20712, '2019-11-22 19:10:46', NULL),
(908, 208, '73', 'Trắng', 2, 20801, '2019-11-22 19:19:58', NULL),
(909, 208, '80', 'Trắng', 1, 20802, '2019-11-22 19:19:58', NULL),
(910, 208, '90', 'Trắng', 1, 20803, '2019-11-22 19:19:58', NULL),
(911, 208, '73', 'Xám', 0, 20804, '2019-11-22 19:19:58', NULL),
(912, 208, '80', 'Xám', 1, 20805, '2019-11-22 19:19:58', NULL),
(913, 208, '90', 'Xám', 1, 20806, '2019-11-22 19:19:58', NULL),
(914, 209, '90', 'Đỏ', 1, 20901, '2019-11-22 19:22:28', NULL),
(915, 209, '100', 'Đỏ', 1, 20902, '2019-11-22 19:22:28', NULL),
(916, 209, '110', 'Đỏ', 1, 20903, '2019-11-22 19:22:28', NULL),
(917, 209, '120', 'Đỏ', 1, 20904, '2019-11-22 19:22:28', NULL),
(918, 209, '130', 'Đỏ', 1, 20905, '2019-11-22 19:22:28', NULL),
(919, 209, '90', 'Kem', 1, 20906, '2019-11-22 19:22:28', NULL),
(920, 209, '100', 'Kem', 1, 20907, '2019-11-22 19:22:28', NULL),
(921, 209, '110', 'Kem', 1, 20908, '2019-11-22 19:22:28', NULL),
(922, 209, '120', 'Kem', 0, 20909, '2019-11-22 19:22:28', NULL),
(923, 209, '130', 'Kem', 1, 20910, '2019-11-22 19:22:28', NULL),
(924, 210, 'Free Size', 'Xanh', 3, 21001, '2019-11-26 18:27:22', NULL),
(925, 210, 'Free Size', 'Hồng', 3, 21002, '2019-11-26 18:27:22', NULL),
(926, 211, 'Free Size', 'Trắng', 2, 21101, '2019-11-26 18:34:52', NULL),
(927, 211, 'Free Size', 'Hồng', 2, 21102, '2019-11-26 18:34:52', NULL),
(928, 211, 'Free Size', 'Nâu', 2, 21103, '2019-11-26 18:34:52', NULL),
(929, 212, 'Free Size', 'Vàng', 3, 21201, '2019-11-26 18:36:56', NULL),
(930, 212, 'Free Size', 'Hồng', 3, 21202, '2019-11-26 18:36:56', NULL),
(931, 213, 'Free Size', 'Xanh', 3, 21301, '2019-11-26 18:39:32', NULL),
(932, 213, 'Free Size', 'Hồng', 3, 21302, '2019-11-26 18:39:32', NULL),
(933, 214, '60', 'Trắng', 2, 21401, '2019-11-26 19:19:47', NULL),
(934, 214, '73', 'Trắng', 2, 21402, '2019-11-26 19:19:47', NULL),
(935, 214, '80', 'Trắng', 2, 21403, '2019-11-26 19:19:47', NULL),
(936, 215, '100', 'Đen', 2, 21501, '2019-11-26 19:23:32', NULL),
(937, 215, '110', 'Đen', 2, 21502, '2019-11-26 19:23:32', NULL),
(938, 215, '120', 'Đen', 2, 21503, '2019-11-26 19:23:32', NULL),
(939, 215, '130', 'Đen', 2, 21504, '2019-11-26 19:23:32', NULL),
(940, 215, '140', 'Đen', 1, 21505, '2019-11-26 19:23:32', NULL),
(941, 215, '150', 'Đen', 2, 21506, '2019-11-26 19:23:32', NULL),
(942, 216, '100', 'Hồng', 2, 21601, '2019-11-26 19:44:37', NULL),
(943, 216, '110', 'Hồng', 2, 21602, '2019-11-26 19:44:37', NULL),
(944, 216, '120', 'Hồng', 1, 21603, '2019-11-26 19:44:37', NULL),
(945, 216, '130', 'Hồng', 1, 21604, '2019-11-26 19:44:37', NULL),
(946, 216, '140', 'Hồng', 1, 21605, '2019-11-26 19:44:37', NULL),
(947, 216, '150', 'Hồng', 1, 21606, '2019-11-26 19:44:37', NULL),
(948, 217, '80', 'Đen', 1, 21701, '2019-11-27 13:44:03', NULL),
(949, 217, '90', 'Đen', 1, 21702, '2019-11-27 13:44:03', NULL),
(950, 217, '100', 'Đen', 1, 21703, '2019-11-27 13:44:03', NULL),
(951, 217, '110', 'Đen', 1, 21704, '2019-11-27 13:44:03', NULL),
(952, 218, '80', 'Vàng', 1, 21801, '2019-11-27 13:51:57', NULL),
(953, 218, '90', 'Vàng', 1, 21802, '2019-11-27 13:51:57', NULL),
(954, 218, '100', 'Vàng', 1, 21803, '2019-11-27 13:51:57', NULL),
(955, 218, '110', 'Vàng', 1, 21804, '2019-11-27 13:51:57', NULL),
(956, 219, '80', 'Vàng', 1, 21901, '2019-11-27 14:07:22', NULL),
(957, 219, '90', 'Vàng', 1, 21902, '2019-11-27 14:07:22', NULL),
(958, 219, '100', 'Vàng', 1, 21903, '2019-11-27 14:07:22', NULL),
(959, 219, '110', 'Vàng', 1, 21904, '2019-11-27 14:07:22', NULL),
(960, 220, '80', 'Trắng', 1, 22001, '2019-11-27 14:13:32', NULL),
(961, 220, '90', 'Trắng', 1, 22002, '2019-11-27 14:13:32', NULL),
(962, 220, '100', 'Trắng', 1, 22003, '2019-11-27 14:13:32', NULL),
(963, 220, '110', 'Trắng', 1, 22004, '2019-11-27 14:13:32', NULL),
(964, 220, '80', 'Xanh', 1, 22005, '2019-11-27 14:13:32', NULL),
(965, 220, '90', 'Xanh', 1, 22006, '2019-11-27 14:13:32', NULL),
(966, 220, '100', 'Xanh', 1, 22007, '2019-11-27 14:13:32', NULL),
(967, 220, '110', 'Xanh', 1, 22008, '2019-11-27 14:13:32', NULL),
(968, 221, '80', 'Nâu', 2, 22101, '2019-11-27 14:15:25', NULL),
(969, 221, '90', 'Nâu', 2, 22102, '2019-11-27 14:15:25', NULL),
(970, 221, '100', 'Nâu', 2, 22103, '2019-11-27 14:15:25', NULL),
(971, 221, '110', 'Nâu', 2, 22104, '2019-11-27 14:15:25', NULL),
(972, 222, '90', 'Nâu', 0, 22201, '2019-11-28 11:48:18', NULL),
(973, 222, '100', 'Nâu', 0, 22202, '2019-11-28 11:48:18', NULL),
(974, 222, '110', 'Nâu', 1, 22203, '2019-11-28 11:48:18', NULL),
(975, 222, '120', 'Nâu', 1, 22204, '2019-11-28 11:48:18', NULL),
(976, 222, '130', 'Nâu', 1, 22205, '2019-11-28 11:48:18', NULL),
(977, 222, '90', 'Kem', 0, 22206, '2019-11-28 11:48:18', NULL),
(978, 222, '100', 'Kem', 0, 22207, '2019-11-28 11:48:18', NULL),
(979, 222, '110', 'Kem', 1, 22208, '2019-11-28 11:48:18', NULL),
(980, 222, '120', 'Kem', 0, 22209, '2019-11-28 11:48:18', NULL),
(981, 222, '130', 'Kem', 1, 22210, '2019-11-28 11:48:18', NULL);

--
-- Chỉ mục cho các bảng đã đổ
--

--
-- Chỉ mục cho bảng `smi_customers`
--
ALTER TABLE `smi_customers`
  ADD PRIMARY KEY (`id`);

--
-- Chỉ mục cho bảng `smi_orders`
--
ALTER TABLE `smi_orders`
  ADD PRIMARY KEY (`id`);

--
-- Chỉ mục cho bảng `smi_order_detail`
--
ALTER TABLE `smi_order_detail`
  ADD PRIMARY KEY (`id`);

--
-- Chỉ mục cho bảng `smi_products`
--
ALTER TABLE `smi_products`
  ADD PRIMARY KEY (`id`);

--
-- Chỉ mục cho bảng `smi_variations`
--
ALTER TABLE `smi_variations`
  ADD PRIMARY KEY (`id`);

--
-- AUTO_INCREMENT cho các bảng đã đổ
--

--
-- AUTO_INCREMENT cho bảng `smi_customers`
--
ALTER TABLE `smi_customers`
  MODIFY `id` int(11) NOT NULL AUTO_INCREMENT;

--
-- AUTO_INCREMENT cho bảng `smi_orders`
--
ALTER TABLE `smi_orders`
  MODIFY `id` int(11) NOT NULL AUTO_INCREMENT, AUTO_INCREMENT=83;

--
-- AUTO_INCREMENT cho bảng `smi_order_detail`
--
ALTER TABLE `smi_order_detail`
  MODIFY `id` int(11) NOT NULL AUTO_INCREMENT, AUTO_INCREMENT=92;

--
-- AUTO_INCREMENT cho bảng `smi_products`
--
ALTER TABLE `smi_products`
  MODIFY `id` int(11) NOT NULL AUTO_INCREMENT, AUTO_INCREMENT=223;

--
-- AUTO_INCREMENT cho bảng `smi_variations`
--
ALTER TABLE `smi_variations`
  MODIFY `id` int(11) NOT NULL AUTO_INCREMENT, AUTO_INCREMENT=982;
COMMIT;

/*!40101 SET CHARACTER_SET_CLIENT=@OLD_CHARACTER_SET_CLIENT */;
/*!40101 SET CHARACTER_SET_RESULTS=@OLD_CHARACTER_SET_RESULTS */;
/*!40101 SET COLLATION_CONNECTION=@OLD_COLLATION_CONNECTION */;
